Using pre-set license
Built from '2020.3/staging' branch; Version is '2020.3.10f1 (297d780c91bc) revision 2719096'; Using compiler version '192528614'; Build Type 'Release'
OS: 'Windows 10 Pro; OS build 19042.985; Version 2009; 64bit' Language: 'ko' Physical Memory: 15774 MB
BatchMode: 1, IsHumanControllingUs: 0, StartBugReporterOnCrash: 0, Is64bit: 1, IsPro: 0

 COMMAND LINE ARGUMENTS:
C:\Program Files\Unity\Hub\Editor\2020.3.10f1\Editor\Unity.exe
-adb2
-batchMode
-noUpm
-name
AssetImportWorker1
-projectPath
C:/Git/OSS_roguelikeTool/RoguelikeTools
-logFile
Logs/AssetImportWorker1.log
-srvPort
57997
Successfully changed project path to: C:/Git/OSS_roguelikeTool/RoguelikeTools
C:/Git/OSS_roguelikeTool/RoguelikeTools
Using Asset Import Pipeline V2.
Refreshing native plugins compatible for Editor in 38.21 ms, found 3 plugins.
Preloading 0 native plugins for Editor in 0.00 ms.
Initialize engine version: 2020.3.10f1 (297d780c91bc)
[Subsystems] Discovering subsystems at path C:/Program Files/Unity/Hub/Editor/2020.3.10f1/Editor/Data/Resources/UnitySubsystems
[Subsystems] Discovering subsystems at path C:/Git/OSS_roguelikeTool/RoguelikeTools/Assets
GfxDevice: creating device client; threaded=0
Direct3D:
    Version:  Direct3D 11.0 [level 11.1]
    Renderer: NVIDIA GeForce RTX 3060 Laptop GPU (ID=0x2520)
    Vendor:   
    VRAM:     6023 MB
    Driver:   27.21.14.6647
Initialize mono
Mono path[0] = 'C:/Program Files/Unity/Hub/Editor/2020.3.10f1/Editor/Data/Managed'
Mono path[1] = 'C:/Program Files/Unity/Hub/Editor/2020.3.10f1/Editor/Data/MonoBleedingEdge/lib/mono/unityjit'
Mono config path = 'C:/Program Files/Unity/Hub/Editor/2020.3.10f1/Editor/Data/MonoBleedingEdge/etc'
Using monoOptions --debugger-agent=transport=dt_socket,embedding=1,server=y,suspend=n,address=127.0.0.1:56860
Begin MonoManager ReloadAssembly
Registering precompiled unity dll's ...
Register platform support module: C:/Program Files/Unity/Hub/Editor/2020.3.10f1/Editor/Data/PlaybackEngines/WebGLSupport/UnityEditor.WebGL.Extensions.dll
Register platform support module: C:/Program Files/Unity/Hub/Editor/2020.3.10f1/Editor/Data/PlaybackEngines/WindowsStandaloneSupport/UnityEditor.WindowsStandalone.Extensions.dll
Registered in 0.002175 seconds.
Native extension for WindowsStandalone target not found
Native extension for WebGL target not found
Refreshing native plugins compatible for Editor in 33.95 ms, found 3 plugins.
Preloading 0 native plugins for Editor in 0.00 ms.
Mono: successfully reloaded assembly
- Completed reload, in  1.120 seconds
Platform modules already initialized, skipping
Registering precompiled user dll's ...
Registered in 0.003814 seconds.
Begin MonoManager ReloadAssembly
Native extension for WindowsStandalone target not found
Native extension for WebGL target not found
Refreshing native plugins compatible for Editor in 38.01 ms, found 3 plugins.
Preloading 0 native plugins for Editor in 0.00 ms.
Mono: successfully reloaded assembly
- Completed reload, in  0.907 seconds
Platform modules already initialized, skipping
========================================================================
Worker process is ready to serve import requests
Launched and connected shader compiler UnityShaderCompiler.exe after 0.08 seconds
Refreshing native plugins compatible for Editor in 0.44 ms, found 3 plugins.
Preloading 0 native plugins for Editor in 0.00 ms.
Unloading 2100 Unused Serialized files (Serialized files now loaded: 0)
System memory in use before: 93.3 MB.
System memory in use after: 93.4 MB.

Unloading 28 unused Assets to reduce memory usage. Loaded Objects now: 2540.
Total: 2.251800 ms (FindLiveObjects: 0.210600 ms CreateObjectMapping: 0.086100 ms MarkObjects: 1.901600 ms  DeleteObjects: 0.052900 ms)

========================================================================
Received Import Request.
  path: Assets/Prefab/enemy_greenslime.prefab
  artifactKey: Guid(24241a2a9dc052f4e9d379cb6303da69) Importer(815301076,1909f56bfc062723c751e8b465ee728b)
Start importing Assets/Prefab/enemy_greenslime.prefab using Guid(24241a2a9dc052f4e9d379cb6303da69) Importer(815301076,1909f56bfc062723c751e8b465ee728b)  -> (artifact id: 'b7f1c82159b426b5d720adda3390600c') in 0.093758 seconds
  Import took 0.096927 seconds .

========================================================================
Received Import Request.
  Time since last request: 4.592850 seconds.
  path: Assets/Prefab/enemy_greenslime.prefab
  artifactKey: Guid(24241a2a9dc052f4e9d379cb6303da69) Importer(815301076,1909f56bfc062723c751e8b465ee728b)
Start importing Assets/Prefab/enemy_greenslime.prefab using Guid(24241a2a9dc052f4e9d379cb6303da69) Importer(815301076,1909f56bfc062723c751e8b465ee728b)  -> (artifact id: 'a80be05d75354c0522a83a968537014e') in 0.016067 seconds
  Import took 0.019852 seconds .

========================================================================
Received Prepare
Registering precompiled user dll's ...
Registered in 0.003822 seconds.
Begin MonoManager ReloadAssembly
Native extension for WindowsStandalone target not found
Native extension for WebGL target not found
Refreshing native plugins compatible for Editor in 0.46 ms, found 3 plugins.
Preloading 0 native plugins for Editor in 0.00 ms.
Mono: successfully reloaded assembly
- Completed reload, in  0.774 seconds
Platform modules already initialized, skipping
Refreshing native plugins compatible for Editor in 0.46 ms, found 3 plugins.
Preloading 0 native plugins for Editor in 0.00 ms.
Unloading 2090 Unused Serialized files (Serialized files now loaded: 0)
System memory in use before: 95.8 MB.
System memory in use after: 95.9 MB.

Unloading 16 unused Assets to reduce memory usage. Loaded Objects now: 2551.
Total: 2.256800 ms (FindLiveObjects: 0.198900 ms CreateObjectMapping: 0.078100 ms MarkObjects: 1.964400 ms  DeleteObjects: 0.014500 ms)

========================================================================
Received Prepare
Registering precompiled user dll's ...
Registered in 0.003627 seconds.
Begin MonoManager ReloadAssembly
Native extension for WindowsStandalone target not found
Native extension for WebGL target not found
Refreshing native plugins compatible for Editor in 0.55 ms, found 3 plugins.
Preloading 0 native plugins for Editor in 0.00 ms.
Mono: successfully reloaded assembly
- Completed reload, in  0.887 seconds
Platform modules already initialized, skipping
Refreshing native plugins compatible for Editor in 0.48 ms, found 3 plugins.
Preloading 0 native plugins for Editor in 0.00 ms.
Unloading 2090 Unused Serialized files (Serialized files now loaded: 0)
System memory in use before: 95.8 MB.
System memory in use after: 95.9 MB.

Unloading 16 unused Assets to reduce memory usage. Loaded Objects now: 2555.
Total: 2.326400 ms (FindLiveObjects: 0.219300 ms CreateObjectMapping: 0.082700 ms MarkObjects: 2.005500 ms  DeleteObjects: 0.017300 ms)

========================================================================
Received Prepare
Registering precompiled user dll's ...
Registered in 0.003717 seconds.
Begin MonoManager ReloadAssembly
Native extension for WindowsStandalone target not found
Native extension for WebGL target not found
Refreshing native plugins compatible for Editor in 0.46 ms, found 3 plugins.
Preloading 0 native plugins for Editor in 0.00 ms.
Mono: successfully reloaded assembly
- Completed reload, in  0.798 seconds
Platform modules already initialized, skipping
Refreshing native plugins compatible for Editor in 0.48 ms, found 3 plugins.
Preloading 0 native plugins for Editor in 0.00 ms.
Unloading 2090 Unused Serialized files (Serialized files now loaded: 0)
System memory in use before: 95.8 MB.
System memory in use after: 95.9 MB.

Unloading 16 unused Assets to reduce memory usage. Loaded Objects now: 2559.
Total: 2.186400 ms (FindLiveObjects: 0.181300 ms CreateObjectMapping: 0.070200 ms MarkObjects: 1.918600 ms  DeleteObjects: 0.015400 ms)

========================================================================
Received Prepare
Registering precompiled user dll's ...
Registered in 0.003876 seconds.
Begin MonoManager ReloadAssembly
Native extension for WindowsStandalone target not found
Native extension for WebGL target not found
Refreshing native plugins compatible for Editor in 0.50 ms, found 3 plugins.
Preloading 0 native plugins for Editor in 0.00 ms.
Mono: successfully reloaded assembly
- Completed reload, in  0.761 seconds
Platform modules already initialized, skipping
Refreshing native plugins compatible for Editor in 0.47 ms, found 3 plugins.
Preloading 0 native plugins for Editor in 0.00 ms.
Unloading 2090 Unused Serialized files (Serialized files now loaded: 0)
System memory in use before: 95.8 MB.
System memory in use after: 96.0 MB.

Unloading 16 unused Assets to reduce memory usage. Loaded Objects now: 2563.
Total: 2.120000 ms (FindLiveObjects: 0.178500 ms CreateObjectMapping: 0.063700 ms MarkObjects: 1.861100 ms  DeleteObjects: 0.016100 ms)

========================================================================
Received Prepare
Registering precompiled user dll's ...
Registered in 0.003677 seconds.
Begin MonoManager ReloadAssembly
Native extension for WindowsStandalone target not found
Native extension for WebGL target not found
Refreshing native plugins compatible for Editor in 0.46 ms, found 3 plugins.
Preloading 0 native plugins for Editor in 0.00 ms.
Mono: successfully reloaded assembly
- Completed reload, in  0.733 seconds
Platform modules already initialized, skipping
Refreshing native plugins compatible for Editor in 0.47 ms, found 3 plugins.
Preloading 0 native plugins for Editor in 0.00 ms.
Unloading 2090 Unused Serialized files (Serialized files now loaded: 0)
System memory in use before: 95.8 MB.
System memory in use after: 96.0 MB.

Unloading 16 unused Assets to reduce memory usage. Loaded Objects now: 2567.
Total: 2.518900 ms (FindLiveObjects: 0.192900 ms CreateObjectMapping: 0.076700 ms MarkObjects: 2.234100 ms  DeleteObjects: 0.014500 ms)

========================================================================
Received Prepare
Registering precompiled user dll's ...
Registered in 0.003750 seconds.
Begin MonoManager ReloadAssembly
Native extension for WindowsStandalone target not found
Native extension for WebGL target not found
Refreshing native plugins compatible for Editor in 0.46 ms, found 3 plugins.
Preloading 0 native plugins for Editor in 0.00 ms.
Mono: successfully reloaded assembly
- Completed reload, in  0.747 seconds
Platform modules already initialized, skipping
Refreshing native plugins compatible for Editor in 0.47 ms, found 3 plugins.
Preloading 0 native plugins for Editor in 0.00 ms.
Unloading 2090 Unused Serialized files (Serialized files now loaded: 0)
System memory in use before: 95.9 MB.
System memory in use after: 96.0 MB.

Unloading 16 unused Assets to reduce memory usage. Loaded Objects now: 2571.
Total: 2.168000 ms (FindLiveObjects: 0.188700 ms CreateObjectMapping: 0.077400 ms MarkObjects: 1.887500 ms  DeleteObjects: 0.013800 ms)

========================================================================
Received Import Request.
  Time since last request: 337.284842 seconds.
  path: Assets/Prefab/enemy_wingdemon.prefab
  artifactKey: Guid(61f77dbc39b75254782e931441a36272) Importer(815301076,1909f56bfc062723c751e8b465ee728b)
Start importing Assets/Prefab/enemy_wingdemon.prefab using Guid(61f77dbc39b75254782e931441a36272) Importer(815301076,1909f56bfc062723c751e8b465ee728b)  -> (artifact id: '2d4f0a2aba36c82b92e01238a1461196') in 0.050821 seconds
  Import took 0.054353 seconds .

========================================================================
Received Import Request.
  Time since last request: 7.944418 seconds.
  path: Assets/Script/PlayerStatus.cs
  artifactKey: Guid(60a190891248bd84498ec8d65372680a) Importer(815301076,1909f56bfc062723c751e8b465ee728b)
Start importing Assets/Script/PlayerStatus.cs using Guid(60a190891248bd84498ec8d65372680a) Importer(815301076,1909f56bfc062723c751e8b465ee728b)  -> (artifact id: '3920775d52a89773f35bf7a1838cd7b8') in 0.012380 seconds
  Import took 0.015675 seconds .

========================================================================
Received Import Request.
  Time since last request: 1.282002 seconds.
  path: Assets/Script/PlayerControl.cs
  artifactKey: Guid(1eb8e0d9c77c4444985f5bb48f277421) Importer(815301076,1909f56bfc062723c751e8b465ee728b)
Start importing Assets/Script/PlayerControl.cs using Guid(1eb8e0d9c77c4444985f5bb48f277421) Importer(815301076,1909f56bfc062723c751e8b465ee728b)  -> (artifact id: '303facd7713d3be7bf791f91585e9534') in 0.008085 seconds
  Import took 0.011417 seconds .

========================================================================
Received Import Request.
  Time since last request: 0.000968 seconds.
  path: Assets/Script/PlayerControl.cs
  artifactKey: Guid(1eb8e0d9c77c4444985f5bb48f277421) Importer(815301076,1909f56bfc062723c751e8b465ee728b)
Start importing Assets/Script/PlayerControl.cs using Guid(1eb8e0d9c77c4444985f5bb48f277421) Importer(815301076,1909f56bfc062723c751e8b465ee728b)  -> (artifact id: '303facd7713d3be7bf791f91585e9534') in 0.002512 seconds
  Import took 0.005389 seconds .

========================================================================
Received Import Request.
  Time since last request: 14.271923 seconds.
  path: Assets/Script/LevelManager_BSP.cs
  artifactKey: Guid(ae7f653e6f814e4469270b28cdc212b8) Importer(815301076,1909f56bfc062723c751e8b465ee728b)
Start importing Assets/Script/LevelManager_BSP.cs using Guid(ae7f653e6f814e4469270b28cdc212b8) Importer(815301076,1909f56bfc062723c751e8b465ee728b)  -> (artifact id: '0755f40230e3c729a8c73a10b5aa877a') in 0.006777 seconds
  Import took 0.009971 seconds .

========================================================================
Received Import Request.
  Time since last request: 1.936789 seconds.
  path: Assets/Script/EnemyAI_Stat_V2.cs
  artifactKey: Guid(1e722b33d57d1e14e9cfc14e99bd4bd0) Importer(815301076,1909f56bfc062723c751e8b465ee728b)
Start importing Assets/Script/EnemyAI_Stat_V2.cs using Guid(1e722b33d57d1e14e9cfc14e99bd4bd0) Importer(815301076,1909f56bfc062723c751e8b465ee728b)  -> (artifact id: 'd47a48e4de998f73826714a2efd52c24') in 0.002036 seconds
  Import took 0.005261 seconds .

========================================================================
Received Import Request.
  Time since last request: 1.418154 seconds.
  path: Assets/Script/EnemyAI_Ranged_V2.cs
  artifactKey: Guid(e3a4a1064d8848a41aa52fe6651ea061) Importer(815301076,1909f56bfc062723c751e8b465ee728b)
Start importing Assets/Script/EnemyAI_Ranged_V2.cs using Guid(e3a4a1064d8848a41aa52fe6651ea061) Importer(815301076,1909f56bfc062723c751e8b465ee728b)  -> (artifact id: '42d96590395dee2b76b11302d3b77db2') in 0.002019 seconds
  Import took 0.005198 seconds .

========================================================================
Received Import Request.
  Time since last request: 0.848767 seconds.
  path: Assets/Script/EnemyAI_Ranged_Attack.cs
  artifactKey: Guid(916c34e92081bec408aea22ccce3704a) Importer(815301076,1909f56bfc062723c751e8b465ee728b)
Start importing Assets/Script/EnemyAI_Ranged_Attack.cs using Guid(916c34e92081bec408aea22ccce3704a) Importer(815301076,1909f56bfc062723c751e8b465ee728b)  -> (artifact id: 'b825b0e0560147d6d0e93c9214014cd6') in 0.006485 seconds
  Import took 0.009686 seconds .

========================================================================
Received Import Request.
  Time since last request: 0.598936 seconds.
  path: Assets/Script/EnemyAI_Melee.cs
  artifactKey: Guid(ada743f85c3bd20428b72eb23ab0839f) Importer(815301076,1909f56bfc062723c751e8b465ee728b)
Start importing Assets/Script/EnemyAI_Melee.cs using Guid(ada743f85c3bd20428b72eb23ab0839f) Importer(815301076,1909f56bfc062723c751e8b465ee728b)  -> (artifact id: '0a822b7439a047bcd95daf81f2675102') in 0.002177 seconds
  Import took 0.005519 seconds .

========================================================================
Received Prepare
Registering precompiled user dll's ...
Registered in 0.004002 seconds.
Begin MonoManager ReloadAssembly
Native extension for WindowsStandalone target not found
Native extension for WebGL target not found
Refreshing native plugins compatible for Editor in 0.49 ms, found 3 plugins.
Preloading 0 native plugins for Editor in 0.00 ms.
Mono: successfully reloaded assembly
- Completed reload, in  0.826 seconds
Platform modules already initialized, skipping
Refreshing native plugins compatible for Editor in 0.48 ms, found 3 plugins.
Preloading 0 native plugins for Editor in 0.00 ms.
Unloading 2090 Unused Serialized files (Serialized files now loaded: 0)
System memory in use before: 95.9 MB.
System memory in use after: 96.0 MB.

Unloading 16 unused Assets to reduce memory usage. Loaded Objects now: 2576.
Total: 2.344500 ms (FindLiveObjects: 0.193800 ms CreateObjectMapping: 0.076500 ms MarkObjects: 2.057000 ms  DeleteObjects: 0.016100 ms)

========================================================================
Received Prepare
Registering precompiled user dll's ...
Registered in 0.003823 seconds.
Begin MonoManager ReloadAssembly
Native extension for WindowsStandalone target not found
Native extension for WebGL target not found
Refreshing native plugins compatible for Editor in 0.47 ms, found 3 plugins.
Preloading 0 native plugins for Editor in 0.00 ms.
Mono: successfully reloaded assembly
- Completed reload, in  0.751 seconds
Platform modules already initialized, skipping
Refreshing native plugins compatible for Editor in 0.45 ms, found 3 plugins.
Preloading 0 native plugins for Editor in 0.00 ms.
Unloading 2090 Unused Serialized files (Serialized files now loaded: 0)
System memory in use before: 95.9 MB.
System memory in use after: 96.0 MB.

Unloading 16 unused Assets to reduce memory usage. Loaded Objects now: 2580.
Total: 2.143600 ms (FindLiveObjects: 0.186800 ms CreateObjectMapping: 0.079700 ms MarkObjects: 1.862100 ms  DeleteObjects: 0.013900 ms)

========================================================================
Received Import Request.
  Time since last request: 98.392675 seconds.
  path: Assets/Script/ExplodeDestroy.cs
  artifactKey: Guid(5a2ccabe106411c4b99f2118d14b75da) Importer(815301076,1909f56bfc062723c751e8b465ee728b)
Start importing Assets/Script/ExplodeDestroy.cs using Guid(5a2ccabe106411c4b99f2118d14b75da) Importer(815301076,1909f56bfc062723c751e8b465ee728b)  -> (artifact id: '3a79aabb45783629d886381ac39d2ff3') in 0.009620 seconds
  Import took 0.012757 seconds .

========================================================================
Received Prepare
Registering precompiled user dll's ...
Registered in 0.003664 seconds.
Begin MonoManager ReloadAssembly
Native extension for WindowsStandalone target not found
Native extension for WebGL target not found
Refreshing native plugins compatible for Editor in 0.47 ms, found 3 plugins.
Preloading 0 native plugins for Editor in 0.00 ms.
Mono: successfully reloaded assembly
- Completed reload, in  0.807 seconds
Platform modules already initialized, skipping
Refreshing native plugins compatible for Editor in 0.53 ms, found 3 plugins.
Preloading 0 native plugins for Editor in 0.00 ms.
Unloading 2091 Unused Serialized files (Serialized files now loaded: 0)
System memory in use before: 95.9 MB.
System memory in use after: 96.0 MB.

Unloading 16 unused Assets to reduce memory usage. Loaded Objects now: 2585.
Total: 2.469900 ms (FindLiveObjects: 0.221200 ms CreateObjectMapping: 0.103000 ms MarkObjects: 2.125200 ms  DeleteObjects: 0.019500 ms)

========================================================================
Received Import Request.
  Time since last request: 45.636260 seconds.
  path: Assets/Script/ExplodeDestroy.cs
  artifactKey: Guid(5a2ccabe106411c4b99f2118d14b75da) Importer(815301076,1909f56bfc062723c751e8b465ee728b)
Start importing Assets/Script/ExplodeDestroy.cs using Guid(5a2ccabe106411c4b99f2118d14b75da) Importer(815301076,1909f56bfc062723c751e8b465ee728b)  -> (artifact id: '93a74867130a0083b52cc79902d9d27b') in 0.006655 seconds
  Import took 0.010245 seconds .

========================================================================
Received Prepare
Registering precompiled user dll's ...
Registered in 0.003670 seconds.
Begin MonoManager ReloadAssembly
Native extension for WindowsStandalone target not found
Native extension for WebGL target not found
Refreshing native plugins compatible for Editor in 0.50 ms, found 3 plugins.
Preloading 0 native plugins for Editor in 0.00 ms.
Mono: successfully reloaded assembly
- Completed reload, in  0.806 seconds
Platform modules already initialized, skipping
Refreshing native plugins compatible for Editor in 0.47 ms, found 3 plugins.
Preloading 0 native plugins for Editor in 0.00 ms.
Unloading 2091 Unused Serialized files (Serialized files now loaded: 0)
System memory in use before: 95.9 MB.
System memory in use after: 96.0 MB.

Unloading 16 unused Assets to reduce memory usage. Loaded Objects now: 2589.
Total: 2.342600 ms (FindLiveObjects: 0.199900 ms CreateObjectMapping: 0.077000 ms MarkObjects: 2.047900 ms  DeleteObjects: 0.016300 ms)

========================================================================
Received Import Request.
  Time since last request: 32.645744 seconds.
  path: Assets/Script/ExplodeDestroy.cs
  artifactKey: Guid(5a2ccabe106411c4b99f2118d14b75da) Importer(815301076,1909f56bfc062723c751e8b465ee728b)
Start importing Assets/Script/ExplodeDestroy.cs using Guid(5a2ccabe106411c4b99f2118d14b75da) Importer(815301076,1909f56bfc062723c751e8b465ee728b)  -> (artifact id: 'd3c70515647493301bf4785dbfcac3ca') in 0.005257 seconds
  Import took 0.008431 seconds .

========================================================================
Received Prepare
Registering precompiled user dll's ...
Registered in 0.003527 seconds.
Begin MonoManager ReloadAssembly
Native extension for WindowsStandalone target not found
Native extension for WebGL target not found
Refreshing native plugins compatible for Editor in 0.51 ms, found 3 plugins.
Preloading 0 native plugins for Editor in 0.00 ms.
Mono: successfully reloaded assembly
- Completed reload, in  0.858 seconds
Platform modules already initialized, skipping
Refreshing native plugins compatible for Editor in 0.47 ms, found 3 plugins.
Preloading 0 native plugins for Editor in 0.00 ms.
Unloading 2091 Unused Serialized files (Serialized files now loaded: 0)
System memory in use before: 95.9 MB.
System memory in use after: 96.1 MB.

Unloading 16 unused Assets to reduce memory usage. Loaded Objects now: 2593.
Total: 2.165300 ms (FindLiveObjects: 0.211800 ms CreateObjectMapping: 0.086700 ms MarkObjects: 1.850500 ms  DeleteObjects: 0.015600 ms)

========================================================================
Received Prepare
Registering precompiled user dll's ...
Registered in 0.003954 seconds.
Begin MonoManager ReloadAssembly
Native extension for WindowsStandalone target not found
Native extension for WebGL target not found
Refreshing native plugins compatible for Editor in 0.46 ms, found 3 plugins.
Preloading 0 native plugins for Editor in 0.00 ms.
Mono: successfully reloaded assembly
- Completed reload, in  0.757 seconds
Platform modules already initialized, skipping
Refreshing native plugins compatible for Editor in 0.50 ms, found 3 plugins.
Preloading 0 native plugins for Editor in 0.00 ms.
Unloading 2091 Unused Serialized files (Serialized files now loaded: 0)
System memory in use before: 95.9 MB.
System memory in use after: 96.1 MB.

Unloading 16 unused Assets to reduce memory usage. Loaded Objects now: 2597.
Total: 2.206100 ms (FindLiveObjects: 0.196500 ms CreateObjectMapping: 0.077600 ms MarkObjects: 1.916100 ms  DeleteObjects: 0.015300 ms)

========================================================================
Received Prepare
Registering precompiled user dll's ...
Registered in 0.003804 seconds.
Begin MonoManager ReloadAssembly
Native extension for WindowsStandalone target not found
Native extension for WebGL target not found
Refreshing native plugins compatible for Editor in 0.47 ms, found 3 plugins.
Preloading 0 native plugins for Editor in 0.00 ms.
Mono: successfully reloaded assembly
- Completed reload, in  0.758 seconds
Platform modules already initialized, skipping
Refreshing native plugins compatible for Editor in 0.48 ms, found 3 plugins.
Preloading 0 native plugins for Editor in 0.00 ms.
Unloading 2091 Unused Serialized files (Serialized files now loaded: 0)
System memory in use before: 96.0 MB.
System memory in use after: 96.1 MB.

Unloading 16 unused Assets to reduce memory usage. Loaded Objects now: 2601.
Total: 2.188200 ms (FindLiveObjects: 0.201000 ms CreateObjectMapping: 0.086900 ms MarkObjects: 1.881500 ms  DeleteObjects: 0.017900 ms)

========================================================================
Received Import Request.
  Time since last request: 27.318364 seconds.
  path: Assets/Script/ExplodeDestroy.cs
  artifactKey: Guid(5a2ccabe106411c4b99f2118d14b75da) Importer(815301076,1909f56bfc062723c751e8b465ee728b)
Start importing Assets/Script/ExplodeDestroy.cs using Guid(5a2ccabe106411c4b99f2118d14b75da) Importer(815301076,1909f56bfc062723c751e8b465ee728b)  -> (artifact id: '488ca4c82e798588f71cfa3de8ca3346') in 0.004726 seconds
  Import took 0.008391 seconds .

========================================================================
Received Import Request.
  Time since last request: 0.039988 seconds.
  path: Assets/Script/ExplodeDestroy.cs
  artifactKey: Guid(5a2ccabe106411c4b99f2118d14b75da) Importer(815301076,1909f56bfc062723c751e8b465ee728b)
Start importing Assets/Script/ExplodeDestroy.cs using Guid(5a2ccabe106411c4b99f2118d14b75da) Importer(815301076,1909f56bfc062723c751e8b465ee728b)  -> (artifact id: '488ca4c82e798588f71cfa3de8ca3346') in 0.001970 seconds
  Import took 0.004957 seconds .

========================================================================
Received Prepare
Registering precompiled user dll's ...
Registered in 0.003867 seconds.
Begin MonoManager ReloadAssembly
Native extension for WindowsStandalone target not found
Native extension for WebGL target not found
Refreshing native plugins compatible for Editor in 0.47 ms, found 3 plugins.
Preloading 0 native plugins for Editor in 0.00 ms.
Mono: successfully reloaded assembly
- Completed reload, in  0.747 seconds
Platform modules already initialized, skipping
Refreshing native plugins compatible for Editor in 0.46 ms, found 3 plugins.
Preloading 0 native plugins for Editor in 0.00 ms.
Unloading 2091 Unused Serialized files (Serialized files now loaded: 0)
System memory in use before: 96.0 MB.
System memory in use after: 96.1 MB.

Unloading 16 unused Assets to reduce memory usage. Loaded Objects now: 2605.
Total: 2.254500 ms (FindLiveObjects: 0.198100 ms CreateObjectMapping: 0.088500 ms MarkObjects: 1.951200 ms  DeleteObjects: 0.015800 ms)

========================================================================
Received Prepare
Registering precompiled user dll's ...
Registered in 0.003736 seconds.
Begin MonoManager ReloadAssembly
Native extension for WindowsStandalone target not found
Native extension for WebGL target not found
Refreshing native plugins compatible for Editor in 0.46 ms, found 3 plugins.
Preloading 0 native plugins for Editor in 0.00 ms.
Mono: successfully reloaded assembly
- Completed reload, in  0.734 seconds
Platform modules already initialized, skipping
Refreshing native plugins compatible for Editor in 0.47 ms, found 3 plugins.
Preloading 0 native plugins for Editor in 0.00 ms.
Unloading 2091 Unused Serialized files (Serialized files now loaded: 0)
System memory in use before: 96.0 MB.
System memory in use after: 96.1 MB.

Unloading 16 unused Assets to reduce memory usage. Loaded Objects now: 2609.
Total: 2.209300 ms (FindLiveObjects: 0.164300 ms CreateObjectMapping: 0.068800 ms MarkObjects: 1.961100 ms  DeleteObjects: 0.014400 ms)

========================================================================
Received Import Request.
  Time since last request: 14.072784 seconds.
  path: Assets/Prefab/explode.prefab
  artifactKey: Guid(7d0fad46d995b864a986fa445d06e6e5) Importer(815301076,1909f56bfc062723c751e8b465ee728b)
Start importing Assets/Prefab/explode.prefab using Guid(7d0fad46d995b864a986fa445d06e6e5) Importer(815301076,1909f56bfc062723c751e8b465ee728b) The Animator Controller (explode_0) you have used is not valid. Animations will not play
UnityEngine.StackTraceUtility:ExtractStackTrace ()
UnityEditor.EditorUtility:Internal_InstantiateRemoveAllNonAnimationComponentsSingle (UnityEngine.Object,UnityEngine.Vector3,UnityEngine.Quaternion)
UnityEditor.EditorUtility:InstantiateRemoveAllNonAnimationComponents (UnityEngine.Object,UnityEngine.Vector3,UnityEngine.Quaternion)
UnityEditor.EditorUtility:InstantiateForAnimatorPreview (UnityEngine.Object)
UnityEditor.GameObjectInspector/PreviewData:UpdateGameObject (UnityEngine.Object)
UnityEditor.GameObjectInspector/PreviewData:.ctor (UnityEngine.Object)
UnityEditor.GameObjectInspector:GetPreviewData ()
UnityEditor.GameObjectInspector:RenderStaticPreview (string,UnityEngine.Object[],int,int)
UnityEditor.AssetPreviewUpdater:CreatePreviewForAsset (UnityEngine.Object,UnityEngine.Object[],string)

[C:\buildslave\unity\build\Modules/Animation/Director/AnimatorControllerPlayable.cpp line 333]

The Animator Controller (explode_0) you have used is not valid. Animations will not play
UnityEngine.StackTraceUtility:ExtractStackTrace ()
UnityEditor.EditorUtility:InitInstantiatedPreviewRecursive (UnityEngine.GameObject)
UnityEditor.EditorUtility:InstantiateForAnimatorPreview (UnityEngine.Object)
UnityEditor.GameObjectInspector/PreviewData:UpdateGameObject (UnityEngine.Object)
UnityEditor.GameObjectInspector/PreviewData:.ctor (UnityEngine.Object)
UnityEditor.GameObjectInspector:GetPreviewData ()
UnityEditor.GameObjectInspector:RenderStaticPreview (string,UnityEngine.Object[],int,int)
UnityEditor.AssetPreviewUpdater:CreatePreviewForAsset (UnityEngine.Object,UnityEngine.Object[],string)

[C:\buildslave\unity\build\Modules/Animation/Director/AnimatorControllerPlayable.cpp line 333]

 -> (artifact id: 'c14115f369c86d0b9f8f9d3a7cae2922') in 0.048967 seconds
  Import took 0.052019 seconds .

========================================================================
Received Prepare
Registering precompiled user dll's ...
Registered in 0.003734 seconds.
Begin MonoManager ReloadAssembly
Native extension for WindowsStandalone target not found
Native extension for WebGL target not found
Refreshing native plugins compatible for Editor in 0.46 ms, found 3 plugins.
Preloading 0 native plugins for Editor in 0.00 ms.
Mono: successfully reloaded assembly
- Completed reload, in  0.779 seconds
Platform modules already initialized, skipping
Refreshing native plugins compatible for Editor in 0.47 ms, found 3 plugins.
Preloading 0 native plugins for Editor in 0.00 ms.
Unloading 2091 Unused Serialized files (Serialized files now loaded: 0)
System memory in use before: 96.1 MB.
System memory in use after: 96.2 MB.

Unloading 16 unused Assets to reduce memory usage. Loaded Objects now: 2614.
Total: 2.272600 ms (FindLiveObjects: 0.191000 ms CreateObjectMapping: 0.078000 ms MarkObjects: 1.986200 ms  DeleteObjects: 0.016300 ms)

========================================================================
Received Import Request.
  Time since last request: 60.704575 seconds.
  path: Assets/Prefab/enemy_bullet.prefab
  artifactKey: Guid(6363dc1867cf717458e0db31ddf8a47a) Importer(815301076,1909f56bfc062723c751e8b465ee728b)
Start importing Assets/Prefab/enemy_bullet.prefab using Guid(6363dc1867cf717458e0db31ddf8a47a) Importer(815301076,1909f56bfc062723c751e8b465ee728b)  -> (artifact id: 'f4ce984c8f691317b5aede164c5245aa') in 0.047739 seconds
  Import took 0.050810 seconds .

========================================================================
Received Prepare
Registering precompiled user dll's ...
Registered in 0.003851 seconds.
Begin MonoManager ReloadAssembly
Native extension for WindowsStandalone target not found
Native extension for WebGL target not found
Refreshing native plugins compatible for Editor in 0.48 ms, found 3 plugins.
Preloading 0 native plugins for Editor in 0.00 ms.
Mono: successfully reloaded assembly
- Completed reload, in  0.740 seconds
Platform modules already initialized, skipping
Refreshing native plugins compatible for Editor in 0.45 ms, found 3 plugins.
Preloading 0 native plugins for Editor in 0.00 ms.
Unloading 2091 Unused Serialized files (Serialized files now loaded: 0)
System memory in use before: 96.1 MB.
System memory in use after: 96.3 MB.

Unloading 16 unused Assets to reduce memory usage. Loaded Objects now: 2619.
Total: 2.165800 ms (FindLiveObjects: 0.210600 ms CreateObjectMapping: 0.081200 ms MarkObjects: 1.859000 ms  DeleteObjects: 0.014400 ms)

========================================================================
Received Import Request.
  Time since last request: 40.278002 seconds.
  path: Assets/Prefab/enemy_bullet.prefab
  artifactKey: Guid(6363dc1867cf717458e0db31ddf8a47a) Importer(815301076,1909f56bfc062723c751e8b465ee728b)
Start importing Assets/Prefab/enemy_bullet.prefab using Guid(6363dc1867cf717458e0db31ddf8a47a) Importer(815301076,1909f56bfc062723c751e8b465ee728b)  -> (artifact id: 'ac1423ed6f5f827d894e824bd71396ad') in 0.042795 seconds
  Import took 0.046106 seconds .

========================================================================
Received Import Request.
  Time since last request: 0.039479 seconds.
  path: Assets/Prefab/enemy_bullet.prefab
  artifactKey: Guid(6363dc1867cf717458e0db31ddf8a47a) Importer(815301076,1909f56bfc062723c751e8b465ee728b)
Start importing Assets/Prefab/enemy_bullet.prefab using Guid(6363dc1867cf717458e0db31ddf8a47a) Importer(815301076,1909f56bfc062723c751e8b465ee728b)  -> (artifact id: 'ac1423ed6f5f827d894e824bd71396ad') in 0.010975 seconds
  Import took 0.014234 seconds .

========================================================================
Received Prepare
Registering precompiled user dll's ...
Registered in 0.004276 seconds.
Begin MonoManager ReloadAssembly
Native extension for WindowsStandalone target not found
Native extension for WebGL target not found
Refreshing native plugins compatible for Editor in 0.48 ms, found 3 plugins.
Preloading 0 native plugins for Editor in 0.00 ms.
Mono: successfully reloaded assembly
- Completed reload, in  0.790 seconds
Platform modules already initialized, skipping
Refreshing native plugins compatible for Editor in 0.50 ms, found 3 plugins.
Preloading 0 native plugins for Editor in 0.00 ms.
Unloading 2091 Unused Serialized files (Serialized files now loaded: 0)
System memory in use before: 96.2 MB.
System memory in use after: 96.3 MB.

Unloading 16 unused Assets to reduce memory usage. Loaded Objects now: 2624.
Total: 2.296500 ms (FindLiveObjects: 0.202600 ms CreateObjectMapping: 0.087600 ms MarkObjects: 1.988200 ms  DeleteObjects: 0.017200 ms)

========================================================================
Received Prepare
Registering precompiled user dll's ...
Registered in 0.003704 seconds.
Begin MonoManager ReloadAssembly
Native extension for WindowsStandalone target not found
Native extension for WebGL target not found
Refreshing native plugins compatible for Editor in 0.46 ms, found 3 plugins.
Preloading 0 native plugins for Editor in 0.00 ms.
Mono: successfully reloaded assembly
- Completed reload, in  0.724 seconds
Platform modules already initialized, skipping
Refreshing native plugins compatible for Editor in 0.44 ms, found 3 plugins.
Preloading 0 native plugins for Editor in 0.00 ms.
Unloading 2091 Unused Serialized files (Serialized files now loaded: 0)
System memory in use before: 96.2 MB.
System memory in use after: 96.3 MB.

Unloading 16 unused Assets to reduce memory usage. Loaded Objects now: 2628.
Total: 2.512900 ms (FindLiveObjects: 0.166300 ms CreateObjectMapping: 0.088800 ms MarkObjects: 2.238400 ms  DeleteObjects: 0.018100 ms)

========================================================================
Received Prepare
Registering precompiled user dll's ...
Registered in 0.003907 seconds.
Begin MonoManager ReloadAssembly
Native extension for WindowsStandalone target not found
Native extension for WebGL target not found
Refreshing native plugins compatible for Editor in 0.51 ms, found 3 plugins.
Preloading 0 native plugins for Editor in 0.00 ms.
Mono: successfully reloaded assembly
- Completed reload, in  0.763 seconds
Platform modules already initialized, skipping
Refreshing native plugins compatible for Editor in 0.47 ms, found 3 plugins.
Preloading 0 native plugins for Editor in 0.00 ms.
Unloading 2091 Unused Serialized files (Serialized files now loaded: 0)
System memory in use before: 96.2 MB.
System memory in use after: 96.3 MB.

Unloading 16 unused Assets to reduce memory usage. Loaded Objects now: 2632.
Total: 2.271600 ms (FindLiveObjects: 0.207800 ms CreateObjectMapping: 0.090300 ms MarkObjects: 1.954400 ms  DeleteObjects: 0.018400 ms)

========================================================================
Received Prepare
Registering precompiled user dll's ...
Registered in 0.003466 seconds.
Begin MonoManager ReloadAssembly
Native extension for WindowsStandalone target not found
Native extension for WebGL target not found
Refreshing native plugins compatible for Editor in 0.47 ms, found 3 plugins.
Preloading 0 native plugins for Editor in 0.00 ms.
Mono: successfully reloaded assembly
- Completed reload, in  0.712 seconds
Platform modules already initialized, skipping
Refreshing native plugins compatible for Editor in 0.46 ms, found 3 plugins.
Preloading 0 native plugins for Editor in 0.00 ms.
Unloading 2091 Unused Serialized files (Serialized files now loaded: 0)
System memory in use before: 96.2 MB.
System memory in use after: 96.3 MB.

Unloading 16 unused Assets to reduce memory usage. Loaded Objects now: 2636.
Total: 1.888400 ms (FindLiveObjects: 0.197200 ms CreateObjectMapping: 0.052600 ms MarkObjects: 1.623600 ms  DeleteObjects: 0.014100 ms)

========================================================================
Received Import Request.
  Time since last request: 899.702552 seconds.
  path: Assets/Prefab/EnemyGroupA.prefab
  artifactKey: Guid(9a12dc6e94f497843a797db1179a532a) Importer(815301076,1909f56bfc062723c751e8b465ee728b)
Start importing Assets/Prefab/EnemyGroupA.prefab using Guid(9a12dc6e94f497843a797db1179a532a) Importer(815301076,1909f56bfc062723c751e8b465ee728b)  -> (artifact id: '99858011cf68f6fcb468db9719ff5b1a') in 0.059716 seconds
  Import took 0.063199 seconds .

========================================================================
Received Prepare
Registering precompiled user dll's ...
Registered in 0.003954 seconds.
Begin MonoManager ReloadAssembly
Native extension for WindowsStandalone target not found
Native extension for WebGL target not found
Refreshing native plugins compatible for Editor in 0.47 ms, found 3 plugins.
Preloading 0 native plugins for Editor in 0.00 ms.
Mono: successfully reloaded assembly
- Completed reload, in  0.726 seconds
Platform modules already initialized, skipping
Refreshing native plugins compatible for Editor in 0.46 ms, found 3 plugins.
Preloading 0 native plugins for Editor in 0.00 ms.
Unloading 2091 Unused Serialized files (Serialized files now loaded: 0)
System memory in use before: 96.3 MB.
System memory in use after: 96.4 MB.

Unloading 16 unused Assets to reduce memory usage. Loaded Objects now: 2641.
Total: 2.181300 ms (FindLiveObjects: 0.182400 ms CreateObjectMapping: 0.076300 ms MarkObjects: 1.907200 ms  DeleteObjects: 0.014800 ms)

========================================================================
Received Import Request.
  Time since last request: 47.875261 seconds.
  path: Assets/Prefab/EnemyGroupA.prefab
  artifactKey: Guid(9a12dc6e94f497843a797db1179a532a) Importer(815301076,1909f56bfc062723c751e8b465ee728b)
Start importing Assets/Prefab/EnemyGroupA.prefab using Guid(9a12dc6e94f497843a797db1179a532a) Importer(815301076,1909f56bfc062723c751e8b465ee728b)  -> (artifact id: '70537d1334c359fbc3c3ea6779a25ea3') in 0.046455 seconds
  Import took 0.049892 seconds .

========================================================================
Received Prepare
Registering precompiled user dll's ...
Registered in 0.003683 seconds.
Begin MonoManager ReloadAssembly
Native extension for WindowsStandalone target not found
Native extension for WebGL target not found
Refreshing native plugins compatible for Editor in 0.48 ms, found 3 plugins.
Preloading 0 native plugins for Editor in 0.00 ms.
Mono: successfully reloaded assembly
- Completed reload, in  0.777 seconds
Platform modules already initialized, skipping
Refreshing native plugins compatible for Editor in 0.46 ms, found 3 plugins.
Preloading 0 native plugins for Editor in 0.00 ms.
Unloading 2091 Unused Serialized files (Serialized files now loaded: 0)
System memory in use before: 96.3 MB.
System memory in use after: 96.4 MB.

Unloading 16 unused Assets to reduce memory usage. Loaded Objects now: 2646.
Total: 2.421100 ms (FindLiveObjects: 0.233100 ms CreateObjectMapping: 0.095900 ms MarkObjects: 2.074000 ms  DeleteObjects: 0.016800 ms)

========================================================================
Received Import Request.
  Time since last request: 37.433395 seconds.
  path: Assets/Prefab/EnemyGroupA.prefab
  artifactKey: Guid(9a12dc6e94f497843a797db1179a532a) Importer(815301076,1909f56bfc062723c751e8b465ee728b)
Start importing Assets/Prefab/EnemyGroupA.prefab using Guid(9a12dc6e94f497843a797db1179a532a) Importer(815301076,1909f56bfc062723c751e8b465ee728b)  -> (artifact id: 'bf51dd980bd5f2dce898726acd1ceb0b') in 0.054694 seconds
  Import took 0.058210 seconds .

========================================================================
Received Import Request.
  Time since last request: 0.163648 seconds.
  path: Assets/Prefab/EnemyGroupA.prefab
  artifactKey: Guid(9a12dc6e94f497843a797db1179a532a) Importer(815301076,1909f56bfc062723c751e8b465ee728b)
Start importing Assets/Prefab/EnemyGroupA.prefab using Guid(9a12dc6e94f497843a797db1179a532a) Importer(815301076,1909f56bfc062723c751e8b465ee728b)  -> (artifact id: '824761101c39db2b9e46fa1c43b26f07') in 0.016380 seconds
  Import took 0.019959 seconds .

========================================================================
Received Import Request.
  Time since last request: 1.803459 seconds.
  path: Assets/Prefab/EnemyGroupA.prefab
  artifactKey: Guid(9a12dc6e94f497843a797db1179a532a) Importer(815301076,1909f56bfc062723c751e8b465ee728b)
Start importing Assets/Prefab/EnemyGroupA.prefab using Guid(9a12dc6e94f497843a797db1179a532a) Importer(815301076,1909f56bfc062723c751e8b465ee728b)  -> (artifact id: '0da8bc78e2e3f6b1b1c40ba76be4f132') in 0.014275 seconds
  Import took 0.017865 seconds .

========================================================================
Received Prepare
Registering precompiled user dll's ...
Registered in 0.003470 seconds.
Begin MonoManager ReloadAssembly
Native extension for WindowsStandalone target not found
Native extension for WebGL target not found
Refreshing native plugins compatible for Editor in 0.53 ms, found 3 plugins.
Preloading 0 native plugins for Editor in 0.00 ms.
Mono: successfully reloaded assembly
- Completed reload, in  0.886 seconds
Platform modules already initialized, skipping
Refreshing native plugins compatible for Editor in 0.51 ms, found 3 plugins.
Preloading 0 native plugins for Editor in 0.00 ms.
Unloading 2091 Unused Serialized files (Serialized files now loaded: 0)
System memory in use before: 96.3 MB.
System memory in use after: 96.4 MB.

Unloading 16 unused Assets to reduce memory usage. Loaded Objects now: 2651.
Total: 2.996400 ms (FindLiveObjects: 0.242100 ms CreateObjectMapping: 0.128700 ms MarkObjects: 2.605600 ms  DeleteObjects: 0.018900 ms)

========================================================================
Received Import Request.
  Time since last request: 6.523134 seconds.
  path: Assets/Prefab/EnemyGroupA.prefab
  artifactKey: Guid(9a12dc6e94f497843a797db1179a532a) Importer(815301076,1909f56bfc062723c751e8b465ee728b)
Start importing Assets/Prefab/EnemyGroupA.prefab using Guid(9a12dc6e94f497843a797db1179a532a) Importer(815301076,1909f56bfc062723c751e8b465ee728b)  -> (artifact id: 'b16d9e3299b1877a0869d588091c2a30') in 0.057375 seconds
  Import took 0.061550 seconds .

========================================================================
Received Prepare
Registering precompiled user dll's ...
Registered in 0.003609 seconds.
Begin MonoManager ReloadAssembly
Native extension for WindowsStandalone target not found
Native extension for WebGL target not found
Refreshing native plugins compatible for Editor in 0.48 ms, found 3 plugins.
Preloading 0 native plugins for Editor in 0.00 ms.
Mono: successfully reloaded assembly
- Completed reload, in  0.746 seconds
Platform modules already initialized, skipping
Refreshing native plugins compatible for Editor in 0.46 ms, found 3 plugins.
Preloading 0 native plugins for Editor in 0.00 ms.
Unloading 2091 Unused Serialized files (Serialized files now loaded: 0)
System memory in use before: 96.3 MB.
System memory in use after: 96.4 MB.

Unloading 16 unused Assets to reduce memory usage. Loaded Objects now: 2656.
Total: 2.202300 ms (FindLiveObjects: 0.192800 ms CreateObjectMapping: 0.078600 ms MarkObjects: 1.911800 ms  DeleteObjects: 0.018100 ms)

========================================================================
Received Prepare
Registering precompiled user dll's ...
Registered in 0.003507 seconds.
Begin MonoManager ReloadAssembly
Native extension for WindowsStandalone target not found
Native extension for WebGL target not found
Refreshing native plugins compatible for Editor in 0.46 ms, found 3 plugins.
Preloading 0 native plugins for Editor in 0.00 ms.
Mono: successfully reloaded assembly
- Completed reload, in  0.731 seconds
Platform modules already initialized, skipping
Refreshing native plugins compatible for Editor in 0.56 ms, found 3 plugins.
Preloading 0 native plugins for Editor in 0.00 ms.
Unloading 2091 Unused Serialized files (Serialized files now loaded: 0)
System memory in use before: 96.3 MB.
System memory in use after: 96.4 MB.

Unloading 16 unused Assets to reduce memory usage. Loaded Objects now: 2660.
Total: 2.133800 ms (FindLiveObjects: 0.184200 ms CreateObjectMapping: 0.056900 ms MarkObjects: 1.876600 ms  DeleteObjects: 0.015300 ms)

========================================================================
Received Import Request.
  Time since last request: 513.162587 seconds.
  path: Assets/Script/UI_HPbar.cs
  artifactKey: Guid(f1a912804d51a9e40880795306b973db) Importer(815301076,1909f56bfc062723c751e8b465ee728b)
Start importing Assets/Script/UI_HPbar.cs using Guid(f1a912804d51a9e40880795306b973db) Importer(815301076,1909f56bfc062723c751e8b465ee728b)  -> (artifact id: '27e162913c3fbc919f72e5280efbfb47') in 0.010787 seconds
  Import took 0.014874 seconds .

========================================================================
Received Prepare
Registering precompiled user dll's ...
Registered in 0.003831 seconds.
Begin MonoManager ReloadAssembly
Native extension for WindowsStandalone target not found
Native extension for WebGL target not found
Refreshing native plugins compatible for Editor in 0.48 ms, found 3 plugins.
Preloading 0 native plugins for Editor in 0.00 ms.
Mono: successfully reloaded assembly
- Completed reload, in  0.869 seconds
Platform modules already initialized, skipping
Refreshing native plugins compatible for Editor in 0.58 ms, found 3 plugins.
Preloading 0 native plugins for Editor in 0.00 ms.
Unloading 2092 Unused Serialized files (Serialized files now loaded: 0)
System memory in use before: 96.4 MB.
System memory in use after: 96.5 MB.

Unloading 16 unused Assets to reduce memory usage. Loaded Objects now: 2665.
Total: 2.753200 ms (FindLiveObjects: 0.243400 ms CreateObjectMapping: 0.095700 ms MarkObjects: 2.382300 ms  DeleteObjects: 0.030400 ms)

========================================================================
Received Prepare
Registering precompiled user dll's ...
Registered in 0.003665 seconds.
Begin MonoManager ReloadAssembly
Native extension for WindowsStandalone target not found
Native extension for WebGL target not found
Refreshing native plugins compatible for Editor in 0.48 ms, found 3 plugins.
Preloading 0 native plugins for Editor in 0.00 ms.
Mono: successfully reloaded assembly
- Completed reload, in  0.799 seconds
Platform modules already initialized, skipping
Refreshing native plugins compatible for Editor in 0.46 ms, found 3 plugins.
Preloading 0 native plugins for Editor in 0.00 ms.
Unloading 2092 Unused Serialized files (Serialized files now loaded: 0)
System memory in use before: 96.4 MB.
System memory in use after: 96.5 MB.

Unloading 16 unused Assets to reduce memory usage. Loaded Objects now: 2669.
Total: 2.306800 ms (FindLiveObjects: 0.223100 ms CreateObjectMapping: 0.082400 ms MarkObjects: 1.985700 ms  DeleteObjects: 0.014800 ms)

========================================================================
Received Import Request.
  Time since last request: 700.299675 seconds.
  path: Assets/Script/UI_HPbar.cs
  artifactKey: Guid(f1a912804d51a9e40880795306b973db) Importer(815301076,1909f56bfc062723c751e8b465ee728b)
Start importing Assets/Script/UI_HPbar.cs using Guid(f1a912804d51a9e40880795306b973db) Importer(815301076,1909f56bfc062723c751e8b465ee728b)  -> (artifact id: '411ef9b76e4ba332d2b58be259fe63ec') in 0.007176 seconds
  Import took 0.010125 seconds .

========================================================================
Received Import Request.
  Time since last request: 2.493368 seconds.
  path: Assets/Script/PlayerStatus.cs
  artifactKey: Guid(60a190891248bd84498ec8d65372680a) Importer(815301076,1909f56bfc062723c751e8b465ee728b)
Start importing Assets/Script/PlayerStatus.cs using Guid(60a190891248bd84498ec8d65372680a) Importer(815301076,1909f56bfc062723c751e8b465ee728b)  -> (artifact id: '18fbdcb877b285a03fd5651923f3f7aa') in 0.002000 seconds
  Import took 0.004909 seconds .

========================================================================
Received Import Request.
  Time since last request: 0.019634 seconds.
  path: Assets/Script/PlayerStatus.cs
  artifactKey: Guid(60a190891248bd84498ec8d65372680a) Importer(815301076,1909f56bfc062723c751e8b465ee728b)
Start importing Assets/Script/PlayerStatus.cs using Guid(60a190891248bd84498ec8d65372680a) Importer(815301076,1909f56bfc062723c751e8b465ee728b)  -> (artifact id: '18fbdcb877b285a03fd5651923f3f7aa') in 0.002241 seconds
  Import took 0.005421 seconds .

========================================================================
Received Prepare
Registering precompiled user dll's ...
Registered in 0.004463 seconds.
Begin MonoManager ReloadAssembly
Native extension for WindowsStandalone target not found
Native extension for WebGL target not found
Refreshing native plugins compatible for Editor in 0.48 ms, found 3 plugins.
Preloading 0 native plugins for Editor in 0.00 ms.
Mono: successfully reloaded assembly
- Completed reload, in  0.816 seconds
Platform modules already initialized, skipping
Refreshing native plugins compatible for Editor in 0.47 ms, found 3 plugins.
Preloading 0 native plugins for Editor in 0.00 ms.
Unloading 2092 Unused Serialized files (Serialized files now loaded: 0)
System memory in use before: 96.4 MB.
System memory in use after: 96.5 MB.

Unloading 16 unused Assets to reduce memory usage. Loaded Objects now: 2673.
Total: 2.617300 ms (FindLiveObjects: 0.235500 ms CreateObjectMapping: 0.100400 ms MarkObjects: 2.262000 ms  DeleteObjects: 0.018300 ms)

========================================================================
Received Import Request.
  Time since last request: 111.936100 seconds.
  path: Assets/Prefab/PlayerChara.prefab
  artifactKey: Guid(970a55e10c15a7941928c608ea6de85c) Importer(815301076,1909f56bfc062723c751e8b465ee728b)
Start importing Assets/Prefab/PlayerChara.prefab using Guid(970a55e10c15a7941928c608ea6de85c) Importer(815301076,1909f56bfc062723c751e8b465ee728b)  -> (artifact id: '2034d0ebe00ed6fbc547140866853dc0') in 0.049270 seconds
  Import took 0.052856 seconds .

========================================================================
Received Import Request.
  Time since last request: 10.257433 seconds.
  path: Assets/Prefab/PlayerChara.prefab
  artifactKey: Guid(970a55e10c15a7941928c608ea6de85c) Importer(815301076,1909f56bfc062723c751e8b465ee728b)
Start importing Assets/Prefab/PlayerChara.prefab using Guid(970a55e10c15a7941928c608ea6de85c) Importer(815301076,1909f56bfc062723c751e8b465ee728b)  -> (artifact id: 'b1a1a52c7e9afe033857476a226896b2') in 0.014727 seconds
  Import took 0.018397 seconds .

========================================================================
Received Import Request.
  Time since last request: 0.002667 seconds.
  path: Assets/Prefab/PlayerChara.prefab
  artifactKey: Guid(970a55e10c15a7941928c608ea6de85c) Importer(815301076,1909f56bfc062723c751e8b465ee728b)
Start importing Assets/Prefab/PlayerChara.prefab using Guid(970a55e10c15a7941928c608ea6de85c) Importer(815301076,1909f56bfc062723c751e8b465ee728b)  -> (artifact id: 'b1a1a52c7e9afe033857476a226896b2') in 0.020420 seconds
  Import took 0.024265 seconds .

========================================================================
Received Import Request.
  Time since last request: 2.366241 seconds.
  path: Assets/Prefab/PlayerChara.prefab
  artifactKey: Guid(970a55e10c15a7941928c608ea6de85c) Importer(815301076,1909f56bfc062723c751e8b465ee728b)
Start importing Assets/Prefab/PlayerChara.prefab using Guid(970a55e10c15a7941928c608ea6de85c) Importer(815301076,1909f56bfc062723c751e8b465ee728b)  -> (artifact id: '2a69e8abe973908aa9a116253dc5635e') in 0.014979 seconds
  Import took 0.018524 seconds .

========================================================================
Received Import Request.
  Time since last request: 0.003195 seconds.
  path: Assets/Prefab/PlayerChara.prefab
  artifactKey: Guid(970a55e10c15a7941928c608ea6de85c) Importer(815301076,1909f56bfc062723c751e8b465ee728b)
Start importing Assets/Prefab/PlayerChara.prefab using Guid(970a55e10c15a7941928c608ea6de85c) Importer(815301076,1909f56bfc062723c751e8b465ee728b)  -> (artifact id: '2a69e8abe973908aa9a116253dc5635e') in 0.020631 seconds
  Import took 0.024321 seconds .

========================================================================
Received Import Request.
  Time since last request: 13.224812 seconds.
  path: Assets/Prefab/enemy_wingdemon.prefab
  artifactKey: Guid(61f77dbc39b75254782e931441a36272) Importer(815301076,1909f56bfc062723c751e8b465ee728b)
Start importing Assets/Prefab/enemy_wingdemon.prefab using Guid(61f77dbc39b75254782e931441a36272) Importer(815301076,1909f56bfc062723c751e8b465ee728b)  -> (artifact id: '9d5e0f1820bac77fa7412634f48ed1d9') in 0.015169 seconds
  Import took 0.018576 seconds .

========================================================================
Received Import Request.
  Time since last request: 0.000195 seconds.
  path: Assets/Prefab/EnemyGroupA.prefab
  artifactKey: Guid(9a12dc6e94f497843a797db1179a532a) Importer(815301076,1909f56bfc062723c751e8b465ee728b)
Start importing Assets/Prefab/EnemyGroupA.prefab using Guid(9a12dc6e94f497843a797db1179a532a) Importer(815301076,1909f56bfc062723c751e8b465ee728b)  -> (artifact id: 'a0acf48c3ef7aabd6c8728d9f0c2e905') in 0.013231 seconds
  Import took 0.016918 seconds .

========================================================================
Received Import Request.
  Time since last request: 2.633009 seconds.
  path: Assets/Prefab/enemy_greenslime.prefab
  artifactKey: Guid(24241a2a9dc052f4e9d379cb6303da69) Importer(815301076,1909f56bfc062723c751e8b465ee728b)
Start importing Assets/Prefab/enemy_greenslime.prefab using Guid(24241a2a9dc052f4e9d379cb6303da69) Importer(815301076,1909f56bfc062723c751e8b465ee728b)  -> (artifact id: '06d1d53f068a8ea8dd3fbe15ca136bfe') in 0.012572 seconds
  Import took 0.015928 seconds .

========================================================================
Received Import Request.
  Time since last request: 0.000169 seconds.
  path: Assets/Prefab/EnemyGroupA.prefab
  artifactKey: Guid(9a12dc6e94f497843a797db1179a532a) Importer(815301076,1909f56bfc062723c751e8b465ee728b)
Start importing Assets/Prefab/EnemyGroupA.prefab using Guid(9a12dc6e94f497843a797db1179a532a) Importer(815301076,1909f56bfc062723c751e8b465ee728b)  -> (artifact id: '3016978ae0b53e190119063356b21a38') in 0.015353 seconds
  Import took 0.019050 seconds .

========================================================================
Received Import Request.
  Time since last request: 0.000327 seconds.
  path: Assets/Prefab/EnemyGroupA.prefab
  artifactKey: Guid(9a12dc6e94f497843a797db1179a532a) Importer(815301076,1909f56bfc062723c751e8b465ee728b)
Start importing Assets/Prefab/EnemyGroupA.prefab using Guid(9a12dc6e94f497843a797db1179a532a) Importer(815301076,1909f56bfc062723c751e8b465ee728b)  -> (artifact id: '3016978ae0b53e190119063356b21a38') in 0.015545 seconds
  Import took 0.019095 seconds .

========================================================================
Received Prepare
Registering precompiled user dll's ...
Registered in 0.003584 seconds.
Begin MonoManager ReloadAssembly
Native extension for WindowsStandalone target not found
Native extension for WebGL target not found
Refreshing native plugins compatible for Editor in 0.46 ms, found 3 plugins.
Preloading 0 native plugins for Editor in 0.00 ms.
Mono: successfully reloaded assembly
- Completed reload, in  0.766 seconds
Platform modules already initialized, skipping
Refreshing native plugins compatible for Editor in 0.48 ms, found 3 plugins.
Preloading 0 native plugins for Editor in 0.00 ms.
Unloading 2092 Unused Serialized files (Serialized files now loaded: 0)
System memory in use before: 96.4 MB.
System memory in use after: 96.6 MB.

Unloading 16 unused Assets to reduce memory usage. Loaded Objects now: 2678.
Total: 2.257200 ms (FindLiveObjects: 0.213300 ms CreateObjectMapping: 0.087200 ms MarkObjects: 1.941000 ms  DeleteObjects: 0.015000 ms)

========================================================================
Received Prepare
Registering precompiled user dll's ...
Registered in 0.003962 seconds.
Begin MonoManager ReloadAssembly
Native extension for WindowsStandalone target not found
Native extension for WebGL target not found
Refreshing native plugins compatible for Editor in 0.46 ms, found 3 plugins.
Preloading 0 native plugins for Editor in 0.00 ms.
Mono: successfully reloaded assembly
- Completed reload, in  0.745 seconds
Platform modules already initialized, skipping
Refreshing native plugins compatible for Editor in 0.45 ms, found 3 plugins.
Preloading 0 native plugins for Editor in 0.00 ms.
Unloading 2092 Unused Serialized files (Serialized files now loaded: 0)
System memory in use before: 96.4 MB.
System memory in use after: 96.6 MB.

Unloading 16 unused Assets to reduce memory usage. Loaded Objects now: 2682.
Total: 2.276200 ms (FindLiveObjects: 0.206600 ms CreateObjectMapping: 0.083100 ms MarkObjects: 1.971100 ms  DeleteObjects: 0.014700 ms)

========================================================================
Received Prepare
Registering precompiled user dll's ...
Registered in 0.003496 seconds.
Begin MonoManager ReloadAssembly
Native extension for WindowsStandalone target not found
Native extension for WebGL target not found
Refreshing native plugins compatible for Editor in 0.47 ms, found 3 plugins.
Preloading 0 native plugins for Editor in 0.00 ms.
Mono: successfully reloaded assembly
- Completed reload, in  0.734 seconds
Platform modules already initialized, skipping
Refreshing native plugins compatible for Editor in 0.47 ms, found 3 plugins.
Preloading 0 native plugins for Editor in 0.00 ms.
Unloading 2092 Unused Serialized files (Serialized files now loaded: 0)
System memory in use before: 96.5 MB.
System memory in use after: 96.6 MB.

Unloading 16 unused Assets to reduce memory usage. Loaded Objects now: 2686.
Total: 2.143100 ms (FindLiveObjects: 0.195800 ms CreateObjectMapping: 0.076100 ms MarkObjects: 1.856600 ms  DeleteObjects: 0.013800 ms)

========================================================================
Received Prepare
Registering precompiled user dll's ...
Registered in 0.003696 seconds.
Begin MonoManager ReloadAssembly
Native extension for WindowsStandalone target not found
Native extension for WebGL target not found
Refreshing native plugins compatible for Editor in 0.48 ms, found 3 plugins.
Preloading 0 native plugins for Editor in 0.00 ms.
Mono: successfully reloaded assembly
- Completed reload, in  0.730 seconds
Platform modules already initialized, skipping
Refreshing native plugins compatible for Editor in 0.45 ms, found 3 plugins.
Preloading 0 native plugins for Editor in 0.00 ms.
Unloading 2092 Unused Serialized files (Serialized files now loaded: 0)
System memory in use before: 96.5 MB.
System memory in use after: 96.6 MB.

Unloading 16 unused Assets to reduce memory usage. Loaded Objects now: 2690.
Total: 2.774800 ms (FindLiveObjects: 0.205200 ms CreateObjectMapping: 0.103300 ms MarkObjects: 2.450400 ms  DeleteObjects: 0.015000 ms)

========================================================================
Received Prepare
Registering precompiled user dll's ...
Registered in 0.004413 seconds.
Begin MonoManager ReloadAssembly
Native extension for WindowsStandalone target not found
Native extension for WebGL target not found
Refreshing native plugins compatible for Editor in 0.52 ms, found 3 plugins.
Preloading 0 native plugins for Editor in 0.00 ms.
Mono: successfully reloaded assembly
- Completed reload, in  0.882 seconds
Platform modules already initialized, skipping
Refreshing native plugins compatible for Editor in 0.50 ms, found 3 plugins.
Preloading 0 native plugins for Editor in 0.00 ms.
Unloading 2092 Unused Serialized files (Serialized files now loaded: 0)
System memory in use before: 96.5 MB.
System memory in use after: 96.6 MB.

Unloading 16 unused Assets to reduce memory usage. Loaded Objects now: 2694.
Total: 2.470800 ms (FindLiveObjects: 0.216900 ms CreateObjectMapping: 0.078100 ms MarkObjects: 2.156600 ms  DeleteObjects: 0.018300 ms)

========================================================================
Received Prepare
Registering precompiled user dll's ...
Registered in 0.003916 seconds.
Begin MonoManager ReloadAssembly
Native extension for WindowsStandalone target not found
Native extension for WebGL target not found
Refreshing native plugins compatible for Editor in 0.46 ms, found 3 plugins.
Preloading 0 native plugins for Editor in 0.00 ms.
Mono: successfully reloaded assembly
- Completed reload, in  0.720 seconds
Platform modules already initialized, skipping
Refreshing native plugins compatible for Editor in 0.47 ms, found 3 plugins.
Preloading 0 native plugins for Editor in 0.00 ms.
Unloading 2092 Unused Serialized files (Serialized files now loaded: 0)
System memory in use before: 96.5 MB.
System memory in use after: 96.6 MB.

Unloading 16 unused Assets to reduce memory usage. Loaded Objects now: 2698.
Total: 2.180000 ms (FindLiveObjects: 0.227100 ms CreateObjectMapping: 0.088300 ms MarkObjects: 1.850200 ms  DeleteObjects: 0.013600 ms)

========================================================================
Received Prepare
Registering precompiled user dll's ...
Registered in 0.003698 seconds.
Begin MonoManager ReloadAssembly
Native extension for WindowsStandalone target not found
Native extension for WebGL target not found
Refreshing native plugins compatible for Editor in 0.47 ms, found 3 plugins.
Preloading 0 native plugins for Editor in 0.00 ms.
Mono: successfully reloaded assembly
- Completed reload, in  0.776 seconds
Platform modules already initialized, skipping
Refreshing native plugins compatible for Editor in 0.53 ms, found 3 plugins.
Preloading 0 native plugins for Editor in 0.00 ms.
Unloading 2092 Unused Serialized files (Serialized files now loaded: 0)
System memory in use before: 96.5 MB.
System memory in use after: 96.6 MB.

Unloading 16 unused Assets to reduce memory usage. Loaded Objects now: 2702.
Total: 2.254500 ms (FindLiveObjects: 0.218400 ms CreateObjectMapping: 0.085600 ms MarkObjects: 1.933300 ms  DeleteObjects: 0.016100 ms)

========================================================================
Received Prepare
Registering precompiled user dll's ...
Registered in 0.003871 seconds.
Begin MonoManager ReloadAssembly
Native extension for WindowsStandalone target not found
Native extension for WebGL target not found
Refreshing native plugins compatible for Editor in 0.47 ms, found 3 plugins.
Preloading 0 native plugins for Editor in 0.00 ms.
Mono: successfully reloaded assembly
- Completed reload, in  0.768 seconds
Platform modules already initialized, skipping
Refreshing native plugins compatible for Editor in 0.50 ms, found 3 plugins.
Preloading 0 native plugins for Editor in 0.00 ms.
Unloading 2092 Unused Serialized files (Serialized files now loaded: 0)
System memory in use before: 96.5 MB.
System memory in use after: 96.6 MB.

Unloading 16 unused Assets to reduce memory usage. Loaded Objects now: 2706.
Total: 2.168100 ms (FindLiveObjects: 0.233500 ms CreateObjectMapping: 0.050300 ms MarkObjects: 1.868900 ms  DeleteObjects: 0.014600 ms)

========================================================================
Received Prepare
Registering precompiled user dll's ...
Registered in 0.003672 seconds.
Begin MonoManager ReloadAssembly
Native extension for WindowsStandalone target not found
Native extension for WebGL target not found
Refreshing native plugins compatible for Editor in 0.48 ms, found 3 plugins.
Preloading 0 native plugins for Editor in 0.00 ms.
Mono: successfully reloaded assembly
- Completed reload, in  0.769 seconds
Platform modules already initialized, skipping
Refreshing native plugins compatible for Editor in 0.49 ms, found 3 plugins.
Preloading 0 native plugins for Editor in 0.00 ms.
Unloading 2092 Unused Serialized files (Serialized files now loaded: 0)
System memory in use before: 96.5 MB.
System memory in use after: 96.6 MB.

Unloading 16 unused Assets to reduce memory usage. Loaded Objects now: 2710.
Total: 2.184700 ms (FindLiveObjects: 0.200500 ms CreateObjectMapping: 0.096900 ms MarkObjects: 1.872700 ms  DeleteObjects: 0.014000 ms)

========================================================================
Received Prepare
Registering precompiled user dll's ...
Registered in 0.003849 seconds.
Begin MonoManager ReloadAssembly
Native extension for WindowsStandalone target not found
Native extension for WebGL target not found
Refreshing native plugins compatible for Editor in 0.49 ms, found 3 plugins.
Preloading 0 native plugins for Editor in 0.00 ms.
Mono: successfully reloaded assembly
- Completed reload, in  0.765 seconds
Platform modules already initialized, skipping
Refreshing native plugins compatible for Editor in 0.47 ms, found 3 plugins.
Preloading 0 native plugins for Editor in 0.00 ms.
Unloading 2092 Unused Serialized files (Serialized files now loaded: 0)
System memory in use before: 96.6 MB.
System memory in use after: 96.7 MB.

Unloading 16 unused Assets to reduce memory usage. Loaded Objects now: 2714.
Total: 2.179700 ms (FindLiveObjects: 0.215700 ms CreateObjectMapping: 0.081800 ms MarkObjects: 1.864200 ms  DeleteObjects: 0.017300 ms)

========================================================================
Received Prepare
Registering precompiled user dll's ...
Registered in 0.003509 seconds.
Begin MonoManager ReloadAssembly
Native extension for WindowsStandalone target not found
Native extension for WebGL target not found
Refreshing native plugins compatible for Editor in 0.51 ms, found 3 plugins.
Preloading 0 native plugins for Editor in 0.00 ms.
Mono: successfully reloaded assembly
- Completed reload, in  0.833 seconds
Platform modules already initialized, skipping
Refreshing native plugins compatible for Editor in 0.48 ms, found 3 plugins.
Preloading 0 native plugins for Editor in 0.00 ms.
Unloading 2092 Unused Serialized files (Serialized files now loaded: 0)
System memory in use before: 96.6 MB.
System memory in use after: 96.7 MB.

Unloading 16 unused Assets to reduce memory usage. Loaded Objects now: 2718.
Total: 2.412600 ms (FindLiveObjects: 0.243400 ms CreateObjectMapping: 0.105200 ms MarkObjects: 2.045000 ms  DeleteObjects: 0.017800 ms)

========================================================================
Received Prepare
Registering precompiled user dll's ...
Registered in 0.003770 seconds.
Begin MonoManager ReloadAssembly
Native extension for WindowsStandalone target not found
Native extension for WebGL target not found
Refreshing native plugins compatible for Editor in 0.48 ms, found 3 plugins.
Preloading 0 native plugins for Editor in 0.00 ms.
Mono: successfully reloaded assembly
- Completed reload, in  0.782 seconds
Platform modules already initialized, skipping
Refreshing native plugins compatible for Editor in 0.47 ms, found 3 plugins.
Preloading 0 native plugins for Editor in 0.00 ms.
Unloading 2092 Unused Serialized files (Serialized files now loaded: 0)
System memory in use before: 96.6 MB.
System memory in use after: 96.8 MB.

Unloading 16 unused Assets to reduce memory usage. Loaded Objects now: 2722.
Total: 2.202900 ms (FindLiveObjects: 0.236300 ms CreateObjectMapping: 0.056400 ms MarkObjects: 1.893700 ms  DeleteObjects: 0.015600 ms)

========================================================================
Received Import Request.
  Time since last request: 557.440665 seconds.
  path: Assets/Script/UI_HPbar.cs
  artifactKey: Guid(f1a912804d51a9e40880795306b973db) Importer(815301076,1909f56bfc062723c751e8b465ee728b)
Start importing Assets/Script/UI_HPbar.cs using Guid(f1a912804d51a9e40880795306b973db) Importer(815301076,1909f56bfc062723c751e8b465ee728b)  -> (artifact id: 'a7f905df04050d810614e659318cb533') in 0.008671 seconds
  Import took 0.011980 seconds .

========================================================================
Received Import Request.
  Time since last request: 0.694580 seconds.
  path: Assets/Script/RandomItemGenerator.cs
  artifactKey: Guid(de825b9a6716d8548a2a859e96e4bd9a) Importer(815301076,1909f56bfc062723c751e8b465ee728b)
Start importing Assets/Script/RandomItemGenerator.cs using Guid(de825b9a6716d8548a2a859e96e4bd9a) Importer(815301076,1909f56bfc062723c751e8b465ee728b)  -> (artifact id: '1ac73ca9f6e9b8a6faa91dfb4c058ad0') in 0.006456 seconds
  Import took 0.009728 seconds .

========================================================================
Received Import Request.
  Time since last request: 1.404086 seconds.
  path: Assets/Script/Player_Attack.cs
  artifactKey: Guid(42072fba0ec699b45ad391d168fde2f2) Importer(815301076,1909f56bfc062723c751e8b465ee728b)
Start importing Assets/Script/Player_Attack.cs using Guid(42072fba0ec699b45ad391d168fde2f2) Importer(815301076,1909f56bfc062723c751e8b465ee728b)  -> (artifact id: 'e122a0690a165c284d68af22d53f7db7') in 0.006440 seconds
  Import took 0.009773 seconds .

========================================================================
Received Import Request.
  Time since last request: 31.235401 seconds.
  path: Assets/Prefab/enemy_bullet.prefab
  artifactKey: Guid(6363dc1867cf717458e0db31ddf8a47a) Importer(815301076,1909f56bfc062723c751e8b465ee728b)
Start importing Assets/Prefab/enemy_bullet.prefab using Guid(6363dc1867cf717458e0db31ddf8a47a) Importer(815301076,1909f56bfc062723c751e8b465ee728b)  -> (artifact id: 'afa7c97af7a3a19affdfdf84f7e1f076') in 0.048432 seconds
  Import took 0.051822 seconds .

========================================================================
Received Import Request.
  Time since last request: 7.655156 seconds.
  path: Assets/Prefab/enemy_greenslime.prefab
  artifactKey: Guid(24241a2a9dc052f4e9d379cb6303da69) Importer(815301076,1909f56bfc062723c751e8b465ee728b)
Start importing Assets/Prefab/enemy_greenslime.prefab using Guid(24241a2a9dc052f4e9d379cb6303da69) Importer(815301076,1909f56bfc062723c751e8b465ee728b)  -> (artifact id: '0f68560ed05a84f79bd20baf7bfaf067') in 0.022178 seconds
  Import took 0.025613 seconds .

========================================================================
Received Import Request.
  Time since last request: 0.000184 seconds.
  path: Assets/Prefab/EnemyGroupA.prefab
  artifactKey: Guid(9a12dc6e94f497843a797db1179a532a) Importer(815301076,1909f56bfc062723c751e8b465ee728b)
Start importing Assets/Prefab/EnemyGroupA.prefab using Guid(9a12dc6e94f497843a797db1179a532a) Importer(815301076,1909f56bfc062723c751e8b465ee728b)  -> (artifact id: '209f321e3a6554e295722a7a9158c54d') in 0.014300 seconds
  Import took 0.017679 seconds .

========================================================================
Received Import Request.
  Time since last request: 3.631971 seconds.
  path: Assets/Prefab/enemy_wingdemon.prefab
  artifactKey: Guid(61f77dbc39b75254782e931441a36272) Importer(815301076,1909f56bfc062723c751e8b465ee728b)
Start importing Assets/Prefab/enemy_wingdemon.prefab using Guid(61f77dbc39b75254782e931441a36272) Importer(815301076,1909f56bfc062723c751e8b465ee728b)  -> (artifact id: 'e5c95979fab8aca7d84b4a6bf3fe045a') in 0.013736 seconds
  Import took 0.017271 seconds .

========================================================================
Received Import Request.
  Time since last request: 0.000201 seconds.
  path: Assets/Prefab/EnemyGroupA.prefab
  artifactKey: Guid(9a12dc6e94f497843a797db1179a532a) Importer(815301076,1909f56bfc062723c751e8b465ee728b)
Start importing Assets/Prefab/EnemyGroupA.prefab using Guid(9a12dc6e94f497843a797db1179a532a) Importer(815301076,1909f56bfc062723c751e8b465ee728b)  -> (artifact id: '2e7d0fdd2f533fa4685c186fe974f950') in 0.014198 seconds
  Import took 0.017748 seconds .

========================================================================
Received Prepare
Registering precompiled user dll's ...
Registered in 0.003752 seconds.
Begin MonoManager ReloadAssembly
Native extension for WindowsStandalone target not found
Native extension for WebGL target not found
Refreshing native plugins compatible for Editor in 0.49 ms, found 3 plugins.
Preloading 0 native plugins for Editor in 0.00 ms.
Mono: successfully reloaded assembly
- Completed reload, in  0.764 seconds
Platform modules already initialized, skipping
Refreshing native plugins compatible for Editor in 0.46 ms, found 3 plugins.
Preloading 0 native plugins for Editor in 0.00 ms.
Unloading 2092 Unused Serialized files (Serialized files now loaded: 0)
System memory in use before: 96.6 MB.
System memory in use after: 96.9 MB.

Unloading 16 unused Assets to reduce memory usage. Loaded Objects now: 2727.
Total: 2.396400 ms (FindLiveObjects: 0.246100 ms CreateObjectMapping: 0.106300 ms MarkObjects: 2.025900 ms  DeleteObjects: 0.016800 ms)

========================================================================
Received Prepare
Registering precompiled user dll's ...
Registered in 0.003953 seconds.
Begin MonoManager ReloadAssembly
Native extension for WindowsStandalone target not found
Native extension for WebGL target not found
Refreshing native plugins compatible for Editor in 0.46 ms, found 3 plugins.
Preloading 0 native plugins for Editor in 0.00 ms.
Mono: successfully reloaded assembly
- Completed reload, in  0.745 seconds
Platform modules already initialized, skipping
Refreshing native plugins compatible for Editor in 0.47 ms, found 3 plugins.
Preloading 0 native plugins for Editor in 0.00 ms.
Unloading 2092 Unused Serialized files (Serialized files now loaded: 0)
System memory in use before: 96.6 MB.
System memory in use after: 96.9 MB.

Unloading 16 unused Assets to reduce memory usage. Loaded Objects now: 2731.
Total: 2.578100 ms (FindLiveObjects: 0.233200 ms CreateObjectMapping: 0.113600 ms MarkObjects: 2.212700 ms  DeleteObjects: 0.017500 ms)

========================================================================
Received Prepare
Registering precompiled user dll's ...
Registered in 0.003685 seconds.
Begin MonoManager ReloadAssembly
Native extension for WindowsStandalone target not found
Native extension for WebGL target not found
Refreshing native plugins compatible for Editor in 0.47 ms, found 3 plugins.
Preloading 0 native plugins for Editor in 0.00 ms.
Mono: successfully reloaded assembly
- Completed reload, in  0.792 seconds
Platform modules already initialized, skipping
Refreshing native plugins compatible for Editor in 0.48 ms, found 3 plugins.
Preloading 0 native plugins for Editor in 0.00 ms.
Unloading 2092 Unused Serialized files (Serialized files now loaded: 0)
System memory in use before: 96.7 MB.
System memory in use after: 96.9 MB.

Unloading 16 unused Assets to reduce memory usage. Loaded Objects now: 2735.
Total: 2.337500 ms (FindLiveObjects: 0.226600 ms CreateObjectMapping: 0.095900 ms MarkObjects: 1.997300 ms  DeleteObjects: 0.016300 ms)

========================================================================
Received Prepare
Registering precompiled user dll's ...
Registered in 0.003902 seconds.
Begin MonoManager ReloadAssembly
Native extension for WindowsStandalone target not found
Native extension for WebGL target not found
Refreshing native plugins compatible for Editor in 0.48 ms, found 3 plugins.
Preloading 0 native plugins for Editor in 0.00 ms.
Mono: successfully reloaded assembly
- Completed reload, in  0.760 seconds
Platform modules already initialized, skipping
Refreshing native plugins compatible for Editor in 0.46 ms, found 3 plugins.
Preloading 0 native plugins for Editor in 0.00 ms.
Unloading 2092 Unused Serialized files (Serialized files now loaded: 0)
System memory in use before: 96.7 MB.
System memory in use after: 96.9 MB.

Unloading 16 unused Assets to reduce memory usage. Loaded Objects now: 2739.
Total: 2.200100 ms (FindLiveObjects: 0.188400 ms CreateObjectMapping: 0.093900 ms MarkObjects: 1.902200 ms  DeleteObjects: 0.014700 ms)

========================================================================
Received Prepare
Registering precompiled user dll's ...
Registered in 0.003982 seconds.
Begin MonoManager ReloadAssembly
Native extension for WindowsStandalone target not found
Native extension for WebGL target not found
Refreshing native plugins compatible for Editor in 0.48 ms, found 3 plugins.
Preloading 0 native plugins for Editor in 0.00 ms.
Mono: successfully reloaded assembly
- Completed reload, in  0.764 seconds
Platform modules already initialized, skipping
Refreshing native plugins compatible for Editor in 0.98 ms, found 3 plugins.
Preloading 0 native plugins for Editor in 0.00 ms.
Unloading 2092 Unused Serialized files (Serialized files now loaded: 0)
System memory in use before: 96.7 MB.
System memory in use after: 96.9 MB.

Unloading 16 unused Assets to reduce memory usage. Loaded Objects now: 2743.
Total: 2.328600 ms (FindLiveObjects: 0.226100 ms CreateObjectMapping: 0.093200 ms MarkObjects: 1.994200 ms  DeleteObjects: 0.014300 ms)

========================================================================
Received Prepare
Registering precompiled user dll's ...
Registered in 0.003882 seconds.
Begin MonoManager ReloadAssembly
Native extension for WindowsStandalone target not found
Native extension for WebGL target not found
Refreshing native plugins compatible for Editor in 0.46 ms, found 3 plugins.
Preloading 0 native plugins for Editor in 0.00 ms.
Mono: successfully reloaded assembly
- Completed reload, in  0.751 seconds
Platform modules already initialized, skipping
Refreshing native plugins compatible for Editor in 0.47 ms, found 3 plugins.
Preloading 0 native plugins for Editor in 0.00 ms.
Unloading 2092 Unused Serialized files (Serialized files now loaded: 0)
System memory in use before: 96.7 MB.
System memory in use after: 96.9 MB.

Unloading 16 unused Assets to reduce memory usage. Loaded Objects now: 2747.
Total: 2.423300 ms (FindLiveObjects: 0.220600 ms CreateObjectMapping: 0.092900 ms MarkObjects: 2.093700 ms  DeleteObjects: 0.015200 ms)

========================================================================
Received Prepare
Registering precompiled user dll's ...
Registered in 0.004670 seconds.
Begin MonoManager ReloadAssembly
Native extension for WindowsStandalone target not found
Native extension for WebGL target not found
Refreshing native plugins compatible for Editor in 0.49 ms, found 3 plugins.
Preloading 0 native plugins for Editor in 0.00 ms.
Mono: successfully reloaded assembly
- Completed reload, in  0.963 seconds
Platform modules already initialized, skipping
Refreshing native plugins compatible for Editor in 0.54 ms, found 3 plugins.
Preloading 0 native plugins for Editor in 0.00 ms.
Unloading 2092 Unused Serialized files (Serialized files now loaded: 0)
System memory in use before: 96.7 MB.
System memory in use after: 96.9 MB.

Unloading 16 unused Assets to reduce memory usage. Loaded Objects now: 2751.
Total: 2.654800 ms (FindLiveObjects: 0.260100 ms CreateObjectMapping: 0.097000 ms MarkObjects: 2.278500 ms  DeleteObjects: 0.018100 ms)

========================================================================
Received Prepare
Registering precompiled user dll's ...
Registered in 0.003749 seconds.
Begin MonoManager ReloadAssembly
Native extension for WindowsStandalone target not found
Native extension for WebGL target not found
Refreshing native plugins compatible for Editor in 0.48 ms, found 3 plugins.
Preloading 0 native plugins for Editor in 0.00 ms.
Mono: successfully reloaded assembly
- Completed reload, in  0.775 seconds
Platform modules already initialized, skipping
Refreshing native plugins compatible for Editor in 0.47 ms, found 3 plugins.
Preloading 0 native plugins for Editor in 0.00 ms.
Unloading 2092 Unused Serialized files (Serialized files now loaded: 0)
System memory in use before: 96.7 MB.
System memory in use after: 96.9 MB.

Unloading 16 unused Assets to reduce memory usage. Loaded Objects now: 2755.
Total: 2.326300 ms (FindLiveObjects: 0.248500 ms CreateObjectMapping: 0.099500 ms MarkObjects: 1.961500 ms  DeleteObjects: 0.015900 ms)

========================================================================
Received Prepare
Registering precompiled user dll's ...
Registered in 0.003772 seconds.
Begin MonoManager ReloadAssembly
Native extension for WindowsStandalone target not found
Native extension for WebGL target not found
Refreshing native plugins compatible for Editor in 0.47 ms, found 3 plugins.
Preloading 0 native plugins for Editor in 0.00 ms.
Mono: successfully reloaded assembly
- Completed reload, in  0.737 seconds
Platform modules already initialized, skipping
Refreshing native plugins compatible for Editor in 0.45 ms, found 3 plugins.
Preloading 0 native plugins for Editor in 0.00 ms.
Unloading 2092 Unused Serialized files (Serialized files now loaded: 0)
System memory in use before: 96.7 MB.
System memory in use after: 96.9 MB.

Unloading 16 unused Assets to reduce memory usage. Loaded Objects now: 2759.
Total: 2.217700 ms (FindLiveObjects: 0.223200 ms CreateObjectMapping: 0.093200 ms MarkObjects: 1.886700 ms  DeleteObjects: 0.014100 ms)

========================================================================
Received Prepare
Registering precompiled user dll's ...
Registered in 0.003736 seconds.
Begin MonoManager ReloadAssembly
Native extension for WindowsStandalone target not found
Native extension for WebGL target not found
Refreshing native plugins compatible for Editor in 0.50 ms, found 3 plugins.
Preloading 0 native plugins for Editor in 0.00 ms.
Mono: successfully reloaded assembly
- Completed reload, in  0.767 seconds
Platform modules already initialized, skipping
Refreshing native plugins compatible for Editor in 0.51 ms, found 3 plugins.
Preloading 0 native plugins for Editor in 0.00 ms.
Unloading 2092 Unused Serialized files (Serialized files now loaded: 0)
System memory in use before: 96.7 MB.
System memory in use after: 96.9 MB.

Unloading 16 unused Assets to reduce memory usage. Loaded Objects now: 2763.
Total: 2.322400 ms (FindLiveObjects: 0.257700 ms CreateObjectMapping: 0.093100 ms MarkObjects: 1.954100 ms  DeleteObjects: 0.016600 ms)

========================================================================
Received Prepare
Registering precompiled user dll's ...
Registered in 0.003740 seconds.
Begin MonoManager ReloadAssembly
Native extension for WindowsStandalone target not found
Native extension for WebGL target not found
Refreshing native plugins compatible for Editor in 0.51 ms, found 3 plugins.
Preloading 0 native plugins for Editor in 0.00 ms.
Mono: successfully reloaded assembly
- Completed reload, in  0.778 seconds
Platform modules already initialized, skipping
Refreshing native plugins compatible for Editor in 0.47 ms, found 3 plugins.
Preloading 0 native plugins for Editor in 0.00 ms.
Unloading 2092 Unused Serialized files (Serialized files now loaded: 0)
System memory in use before: 96.7 MB.
System memory in use after: 96.9 MB.

Unloading 16 unused Assets to reduce memory usage. Loaded Objects now: 2767.
Total: 2.029700 ms (FindLiveObjects: 0.219500 ms CreateObjectMapping: 0.061200 ms MarkObjects: 1.733400 ms  DeleteObjects: 0.014800 ms)

========================================================================
Received Prepare
Registering precompiled user dll's ...
Registered in 0.003752 seconds.
Begin MonoManager ReloadAssembly
Native extension for WindowsStandalone target not found
Native extension for WebGL target not found
Refreshing native plugins compatible for Editor in 0.47 ms, found 3 plugins.
Preloading 0 native plugins for Editor in 0.00 ms.
Mono: successfully reloaded assembly
- Completed reload, in  0.807 seconds
Platform modules already initialized, skipping
Refreshing native plugins compatible for Editor in 0.53 ms, found 3 plugins.
Preloading 0 native plugins for Editor in 0.00 ms.
Unloading 2092 Unused Serialized files (Serialized files now loaded: 0)
System memory in use before: 96.7 MB.
System memory in use after: 96.9 MB.

Unloading 16 unused Assets to reduce memory usage. Loaded Objects now: 2771.
Total: 2.352200 ms (FindLiveObjects: 0.201200 ms CreateObjectMapping: 0.074600 ms MarkObjects: 2.060000 ms  DeleteObjects: 0.015300 ms)

========================================================================
Received Prepare
Registering precompiled user dll's ...
Registered in 0.004842 seconds.
Begin MonoManager ReloadAssembly
Native extension for WindowsStandalone target not found
Native extension for WebGL target not found
Refreshing native plugins compatible for Editor in 0.46 ms, found 3 plugins.
Preloading 0 native plugins for Editor in 0.00 ms.
Mono: successfully reloaded assembly
- Completed reload, in  0.761 seconds
Platform modules already initialized, skipping
Refreshing native plugins compatible for Editor in 0.45 ms, found 3 plugins.
Preloading 0 native plugins for Editor in 0.00 ms.
Unloading 2092 Unused Serialized files (Serialized files now loaded: 0)
System memory in use before: 96.7 MB.
System memory in use after: 97.0 MB.

Unloading 16 unused Assets to reduce memory usage. Loaded Objects now: 2775.
Total: 2.224600 ms (FindLiveObjects: 0.225400 ms CreateObjectMapping: 0.092900 ms MarkObjects: 1.891100 ms  DeleteObjects: 0.014300 ms)

========================================================================
Received Import Request.
  Time since last request: 1771.794873 seconds.
  path: Assets/Prefab/PlayerChara.prefab
  artifactKey: Guid(970a55e10c15a7941928c608ea6de85c) Importer(815301076,1909f56bfc062723c751e8b465ee728b)
Start importing Assets/Prefab/PlayerChara.prefab using Guid(970a55e10c15a7941928c608ea6de85c) Importer(815301076,1909f56bfc062723c751e8b465ee728b)  -> (artifact id: '2605a8c1339ea12ef8cfabd134cc01e5') in 0.054379 seconds
  Import took 0.057813 seconds .

========================================================================
Received Prepare
Registering precompiled user dll's ...
Registered in 0.004861 seconds.
Begin MonoManager ReloadAssembly
Native extension for WindowsStandalone target not found
Native extension for WebGL target not found
Refreshing native plugins compatible for Editor in 0.46 ms, found 3 plugins.
Preloading 0 native plugins for Editor in 0.00 ms.
Mono: successfully reloaded assembly
- Completed reload, in  0.726 seconds
Platform modules already initialized, skipping
Refreshing native plugins compatible for Editor in 0.46 ms, found 3 plugins.
Preloading 0 native plugins for Editor in 0.00 ms.
Unloading 2092 Unused Serialized files (Serialized files now loaded: 0)
System memory in use before: 96.7 MB.
System memory in use after: 97.0 MB.

Unloading 16 unused Assets to reduce memory usage. Loaded Objects now: 2780.
Total: 2.368400 ms (FindLiveObjects: 0.242700 ms CreateObjectMapping: 0.102600 ms MarkObjects: 2.004900 ms  DeleteObjects: 0.017300 ms)

========================================================================
Received Prepare
Registering precompiled user dll's ...
Registered in 0.003548 seconds.
Begin MonoManager ReloadAssembly
Native extension for WindowsStandalone target not found
Native extension for WebGL target not found
Refreshing native plugins compatible for Editor in 0.51 ms, found 3 plugins.
Preloading 0 native plugins for Editor in 0.00 ms.
Mono: successfully reloaded assembly
- Completed reload, in  0.762 seconds
Platform modules already initialized, skipping
Refreshing native plugins compatible for Editor in 0.46 ms, found 3 plugins.
Preloading 0 native plugins for Editor in 0.00 ms.
Unloading 2092 Unused Serialized files (Serialized files now loaded: 0)
System memory in use before: 96.8 MB.
System memory in use after: 97.0 MB.

Unloading 16 unused Assets to reduce memory usage. Loaded Objects now: 2784.
Total: 2.297400 ms (FindLiveObjects: 0.213800 ms CreateObjectMapping: 0.087000 ms MarkObjects: 1.980500 ms  DeleteObjects: 0.015200 ms)

========================================================================
Received Prepare
Registering precompiled user dll's ...
Registered in 0.003871 seconds.
Begin MonoManager ReloadAssembly
Native extension for WindowsStandalone target not found
Native extension for WebGL target not found
Refreshing native plugins compatible for Editor in 0.46 ms, found 3 plugins.
Preloading 0 native plugins for Editor in 0.00 ms.
Mono: successfully reloaded assembly
- Completed reload, in  0.742 seconds
Platform modules already initialized, skipping
Refreshing native plugins compatible for Editor in 0.46 ms, found 3 plugins.
Preloading 0 native plugins for Editor in 0.00 ms.
Unloading 2092 Unused Serialized files (Serialized files now loaded: 0)
System memory in use before: 96.8 MB.
System memory in use after: 97.0 MB.

Unloading 16 unused Assets to reduce memory usage. Loaded Objects now: 2788.
Total: 2.604500 ms (FindLiveObjects: 0.235900 ms CreateObjectMapping: 0.099200 ms MarkObjects: 2.248600 ms  DeleteObjects: 0.019600 ms)

========================================================================
Received Import Request.
  Time since last request: 76.906052 seconds.
  path: Assets/Prefab/enemy_bullet.prefab
  artifactKey: Guid(6363dc1867cf717458e0db31ddf8a47a) Importer(815301076,1909f56bfc062723c751e8b465ee728b)
Start importing Assets/Prefab/enemy_bullet.prefab using Guid(6363dc1867cf717458e0db31ddf8a47a) Importer(815301076,1909f56bfc062723c751e8b465ee728b)  -> (artifact id: '4816934e16c7172ab813ad42cc0781e7') in 0.044941 seconds
  Import took 0.048409 seconds .

========================================================================
Received Prepare
Registering precompiled user dll's ...
Registered in 0.003626 seconds.
Begin MonoManager ReloadAssembly
Native extension for WindowsStandalone target not found
Native extension for WebGL target not found
Refreshing native plugins compatible for Editor in 0.46 ms, found 3 plugins.
Preloading 0 native plugins for Editor in 0.00 ms.
Mono: successfully reloaded assembly
- Completed reload, in  0.743 seconds
Platform modules already initialized, skipping
Refreshing native plugins compatible for Editor in 0.47 ms, found 3 plugins.
Preloading 0 native plugins for Editor in 0.00 ms.
Unloading 2092 Unused Serialized files (Serialized files now loaded: 0)
System memory in use before: 96.8 MB.
System memory in use after: 97.0 MB.

Unloading 16 unused Assets to reduce memory usage. Loaded Objects now: 2793.
Total: 2.282700 ms (FindLiveObjects: 0.231600 ms CreateObjectMapping: 0.091000 ms MarkObjects: 1.945000 ms  DeleteObjects: 0.014400 ms)

========================================================================
Received Prepare
Registering precompiled user dll's ...
Registered in 0.003691 seconds.
Begin MonoManager ReloadAssembly
Native extension for WindowsStandalone target not found
Native extension for WebGL target not found
Refreshing native plugins compatible for Editor in 0.46 ms, found 3 plugins.
Preloading 0 native plugins for Editor in 0.00 ms.
Mono: successfully reloaded assembly
- Completed reload, in  0.731 seconds
Platform modules already initialized, skipping
Refreshing native plugins compatible for Editor in 0.48 ms, found 3 plugins.
Preloading 0 native plugins for Editor in 0.00 ms.
Unloading 2092 Unused Serialized files (Serialized files now loaded: 0)
System memory in use before: 96.8 MB.
System memory in use after: 97.0 MB.

Unloading 16 unused Assets to reduce memory usage. Loaded Objects now: 2797.
Total: 2.287600 ms (FindLiveObjects: 0.243900 ms CreateObjectMapping: 0.093100 ms MarkObjects: 1.935300 ms  DeleteObjects: 0.014400 ms)

========================================================================
Received Prepare
Registering precompiled user dll's ...
Registered in 0.004638 seconds.
Begin MonoManager ReloadAssembly
Native extension for WindowsStandalone target not found
Native extension for WebGL target not found
Refreshing native plugins compatible for Editor in 0.62 ms, found 3 plugins.
Preloading 0 native plugins for Editor in 0.00 ms.
Mono: successfully reloaded assembly
- Completed reload, in  0.992 seconds
Platform modules already initialized, skipping
Refreshing native plugins compatible for Editor in 0.63 ms, found 3 plugins.
Preloading 0 native plugins for Editor in 0.00 ms.
Unloading 2092 Unused Serialized files (Serialized files now loaded: 0)
System memory in use before: 96.8 MB.
System memory in use after: 97.0 MB.

Unloading 16 unused Assets to reduce memory usage. Loaded Objects now: 2801.
Total: 3.125200 ms (FindLiveObjects: 0.292000 ms CreateObjectMapping: 0.156500 ms MarkObjects: 2.658100 ms  DeleteObjects: 0.017800 ms)

========================================================================
Received Prepare
Registering precompiled user dll's ...
Registered in 0.003706 seconds.
Begin MonoManager ReloadAssembly
Native extension for WindowsStandalone target not found
Native extension for WebGL target not found
Refreshing native plugins compatible for Editor in 0.48 ms, found 3 plugins.
Preloading 0 native plugins for Editor in 0.00 ms.
Mono: successfully reloaded assembly
- Completed reload, in  0.776 seconds
Platform modules already initialized, skipping
Refreshing native plugins compatible for Editor in 0.48 ms, found 3 plugins.
Preloading 0 native plugins for Editor in 0.00 ms.
Unloading 2092 Unused Serialized files (Serialized files now loaded: 0)
System memory in use before: 96.8 MB.
System memory in use after: 97.0 MB.

Unloading 16 unused Assets to reduce memory usage. Loaded Objects now: 2805.
Total: 2.419000 ms (FindLiveObjects: 0.261700 ms CreateObjectMapping: 0.095600 ms MarkObjects: 2.043500 ms  DeleteObjects: 0.017200 ms)

========================================================================
Received Prepare
Registering precompiled user dll's ...
Registered in 0.003585 seconds.
Begin MonoManager ReloadAssembly
Native extension for WindowsStandalone target not found
Native extension for WebGL target not found
Refreshing native plugins compatible for Editor in 0.48 ms, found 3 plugins.
Preloading 0 native plugins for Editor in 0.00 ms.
Mono: successfully reloaded assembly
- Completed reload, in  0.747 seconds
Platform modules already initialized, skipping
Refreshing native plugins compatible for Editor in 0.48 ms, found 3 plugins.
Preloading 0 native plugins for Editor in 0.00 ms.
Unloading 2092 Unused Serialized files (Serialized files now loaded: 0)
System memory in use before: 96.8 MB.
System memory in use after: 97.0 MB.

Unloading 16 unused Assets to reduce memory usage. Loaded Objects now: 2809.
Total: 2.260400 ms (FindLiveObjects: 0.232500 ms CreateObjectMapping: 0.088900 ms MarkObjects: 1.924300 ms  DeleteObjects: 0.013900 ms)

========================================================================
Received Prepare
Registering precompiled user dll's ...
Registered in 0.003833 seconds.
Begin MonoManager ReloadAssembly
Native extension for WindowsStandalone target not found
Native extension for WebGL target not found
Refreshing native plugins compatible for Editor in 0.46 ms, found 3 plugins.
Preloading 0 native plugins for Editor in 0.00 ms.
Mono: successfully reloaded assembly
- Completed reload, in  0.743 seconds
Platform modules already initialized, skipping
Refreshing native plugins compatible for Editor in 0.47 ms, found 3 plugins.
Preloading 0 native plugins for Editor in 0.00 ms.
Unloading 2092 Unused Serialized files (Serialized files now loaded: 0)
System memory in use before: 96.8 MB.
System memory in use after: 97.0 MB.

Unloading 16 unused Assets to reduce memory usage. Loaded Objects now: 2813.
Total: 2.271700 ms (FindLiveObjects: 0.219300 ms CreateObjectMapping: 0.086300 ms MarkObjects: 1.949600 ms  DeleteObjects: 0.015700 ms)

========================================================================
Received Import Request.
  Time since last request: 384.307557 seconds.
  path: Assets/Kickpixel - Dungeon Knight/items/chesticon.png
  artifactKey: Guid(2236dad284e169443962c42f32e84c18) Importer(815301076,1909f56bfc062723c751e8b465ee728b)
Start importing Assets/Kickpixel - Dungeon Knight/items/chesticon.png using Guid(2236dad284e169443962c42f32e84c18) Importer(815301076,1909f56bfc062723c751e8b465ee728b)  -> (artifact id: 'd252b6e2724e84084ad5f445ccd277a6') in 0.052053 seconds
  Import took 0.055506 seconds .

========================================================================
Received Prepare
Registering precompiled user dll's ...
Registered in 0.005603 seconds.
Begin MonoManager ReloadAssembly
Native extension for WindowsStandalone target not found
Native extension for WebGL target not found
Refreshing native plugins compatible for Editor in 0.49 ms, found 3 plugins.
Preloading 0 native plugins for Editor in 0.00 ms.
Mono: successfully reloaded assembly
- Completed reload, in  0.812 seconds
Platform modules already initialized, skipping
Refreshing native plugins compatible for Editor in 0.49 ms, found 3 plugins.
Preloading 0 native plugins for Editor in 0.00 ms.
Unloading 2091 Unused Serialized files (Serialized files now loaded: 0)
System memory in use before: 96.8 MB.
System memory in use after: 97.0 MB.

Unloading 17 unused Assets to reduce memory usage. Loaded Objects now: 2820.
Total: 2.312700 ms (FindLiveObjects: 0.224000 ms CreateObjectMapping: 0.090000 ms MarkObjects: 1.977800 ms  DeleteObjects: 0.019700 ms)

========================================================================
Received Import Request.
  Time since last request: 74.663183 seconds.
  path: Assets/Script/Temporary/EnemyAI_Stat.cs
  artifactKey: Guid(e1f1b00fdd5b38448a6780a4783f334a) Importer(815301076,1909f56bfc062723c751e8b465ee728b)
Start importing Assets/Script/Temporary/EnemyAI_Stat.cs using Guid(e1f1b00fdd5b38448a6780a4783f334a) Importer(815301076,1909f56bfc062723c751e8b465ee728b)  -> (artifact id: 'cbdab04663402f8c387366d9b248dcee') in 0.009402 seconds
  Import took 0.012670 seconds .

========================================================================
Received Import Request.
  Time since last request: 0.000861 seconds.
  path: Assets/Script/Temporary/EnemyAI_Stat.cs
  artifactKey: Guid(e1f1b00fdd5b38448a6780a4783f334a) Importer(815301076,1909f56bfc062723c751e8b465ee728b)
Start importing Assets/Script/Temporary/EnemyAI_Stat.cs using Guid(e1f1b00fdd5b38448a6780a4783f334a) Importer(815301076,1909f56bfc062723c751e8b465ee728b)  -> (artifact id: 'cbdab04663402f8c387366d9b248dcee') in 0.002223 seconds
  Import took 0.005632 seconds .

========================================================================
Received Prepare
Registering precompiled user dll's ...
Registered in 0.003952 seconds.
Begin MonoManager ReloadAssembly
Native extension for WindowsStandalone target not found
Native extension for WebGL target not found
Refreshing native plugins compatible for Editor in 0.50 ms, found 3 plugins.
Preloading 0 native plugins for Editor in 0.00 ms.
Mono: successfully reloaded assembly
- Completed reload, in  0.847 seconds
Platform modules already initialized, skipping
Refreshing native plugins compatible for Editor in 0.49 ms, found 3 plugins.
Preloading 0 native plugins for Editor in 0.00 ms.
Unloading 2088 Unused Serialized files (Serialized files now loaded: 0)
System memory in use before: 96.8 MB.
System memory in use after: 97.0 MB.

Unloading 19 unused Assets to reduce memory usage. Loaded Objects now: 2821.
Total: 2.355500 ms (FindLiveObjects: 0.210700 ms CreateObjectMapping: 0.078100 ms MarkObjects: 2.048200 ms  DeleteObjects: 0.017600 ms)

========================================================================
Received Prepare
Registering precompiled user dll's ...
Registered in 0.003648 seconds.
Begin MonoManager ReloadAssembly
Native extension for WindowsStandalone target not found
Native extension for WebGL target not found
Refreshing native plugins compatible for Editor in 0.72 ms, found 3 plugins.
Preloading 0 native plugins for Editor in 0.00 ms.
Mono: successfully reloaded assembly
- Completed reload, in  0.729 seconds
Platform modules already initialized, skipping
Refreshing native plugins compatible for Editor in 0.46 ms, found 3 plugins.
Preloading 0 native plugins for Editor in 0.00 ms.
Unloading 2088 Unused Serialized files (Serialized files now loaded: 0)
System memory in use before: 96.8 MB.
System memory in use after: 97.0 MB.

Unloading 16 unused Assets to reduce memory usage. Loaded Objects now: 2825.
Total: 2.231300 ms (FindLiveObjects: 0.231700 ms CreateObjectMapping: 0.056200 ms MarkObjects: 1.925500 ms  DeleteObjects: 0.016800 ms)

========================================================================
Received Prepare
Registering precompiled user dll's ...
Registered in 0.003539 seconds.
Begin MonoManager ReloadAssembly
Native extension for WindowsStandalone target not found
Native extension for WebGL target not found
Refreshing native plugins compatible for Editor in 0.47 ms, found 3 plugins.
Preloading 0 native plugins for Editor in 0.00 ms.
Mono: successfully reloaded assembly
- Completed reload, in  0.748 seconds
Platform modules already initialized, skipping
Refreshing native plugins compatible for Editor in 0.44 ms, found 3 plugins.
Preloading 0 native plugins for Editor in 0.00 ms.
Unloading 2088 Unused Serialized files (Serialized files now loaded: 0)
System memory in use before: 96.8 MB.
System memory in use after: 97.0 MB.

Unloading 16 unused Assets to reduce memory usage. Loaded Objects now: 2829.
Total: 2.294200 ms (FindLiveObjects: 0.234700 ms CreateObjectMapping: 0.082500 ms MarkObjects: 1.960900 ms  DeleteObjects: 0.015100 ms)

========================================================================
Received Prepare
Registering precompiled user dll's ...
Registered in 0.003833 seconds.
Begin MonoManager ReloadAssembly
Native extension for WindowsStandalone target not found
Native extension for WebGL target not found
Refreshing native plugins compatible for Editor in 0.48 ms, found 3 plugins.
Preloading 0 native plugins for Editor in 0.00 ms.
Mono: successfully reloaded assembly
- Completed reload, in  0.756 seconds
Platform modules already initialized, skipping
Refreshing native plugins compatible for Editor in 0.46 ms, found 3 plugins.
Preloading 0 native plugins for Editor in 0.00 ms.
Unloading 2088 Unused Serialized files (Serialized files now loaded: 0)
System memory in use before: 96.8 MB.
System memory in use after: 97.0 MB.

Unloading 16 unused Assets to reduce memory usage. Loaded Objects now: 2833.
Total: 2.041200 ms (FindLiveObjects: 0.215000 ms CreateObjectMapping: 0.060800 ms MarkObjects: 1.747500 ms  DeleteObjects: 0.016700 ms)

========================================================================
Received Prepare
Registering precompiled user dll's ...
Registered in 0.003855 seconds.
Begin MonoManager ReloadAssembly
Native extension for WindowsStandalone target not found
Native extension for WebGL target not found
Refreshing native plugins compatible for Editor in 0.48 ms, found 3 plugins.
Preloading 0 native plugins for Editor in 0.00 ms.
Mono: successfully reloaded assembly
- Completed reload, in  0.802 seconds
Platform modules already initialized, skipping
Refreshing native plugins compatible for Editor in 0.51 ms, found 3 plugins.
Preloading 0 native plugins for Editor in 0.00 ms.
Unloading 2088 Unused Serialized files (Serialized files now loaded: 0)
System memory in use before: 96.8 MB.
System memory in use after: 97.0 MB.

Unloading 16 unused Assets to reduce memory usage. Loaded Objects now: 2837.
Total: 2.967400 ms (FindLiveObjects: 0.691500 ms CreateObjectMapping: 0.150100 ms MarkObjects: 2.106600 ms  DeleteObjects: 0.018300 ms)

========================================================================
Received Import Request.
  Time since last request: 288.543499 seconds.
  path: Assets/Prefab/chest.prefab
  artifactKey: Guid(38cf98f4e4603fe40b78432f20c31c74) Importer(815301076,1909f56bfc062723c751e8b465ee728b)
Start importing Assets/Prefab/chest.prefab using Guid(38cf98f4e4603fe40b78432f20c31c74) Importer(815301076,1909f56bfc062723c751e8b465ee728b)  -> (artifact id: '08bd84fb9658eee0778b0271d9c60b72') in 0.053155 seconds
  Import took 0.056847 seconds .

========================================================================
Received Prepare
Registering precompiled user dll's ...
Registered in 0.003723 seconds.
Begin MonoManager ReloadAssembly
Native extension for WindowsStandalone target not found
Native extension for WebGL target not found
Refreshing native plugins compatible for Editor in 0.45 ms, found 3 plugins.
Preloading 0 native plugins for Editor in 0.00 ms.
Mono: successfully reloaded assembly
- Completed reload, in  0.764 seconds
Platform modules already initialized, skipping
Refreshing native plugins compatible for Editor in 0.47 ms, found 3 plugins.
Preloading 0 native plugins for Editor in 0.00 ms.
Unloading 2088 Unused Serialized files (Serialized files now loaded: 0)
System memory in use before: 96.8 MB.
System memory in use after: 97.0 MB.

Unloading 16 unused Assets to reduce memory usage. Loaded Objects now: 2842.
Total: 2.339700 ms (FindLiveObjects: 0.253300 ms CreateObjectMapping: 0.101200 ms MarkObjects: 1.965900 ms  DeleteObjects: 0.018400 ms)

========================================================================
Received Prepare
Registering precompiled user dll's ...
Registered in 0.003878 seconds.
Begin MonoManager ReloadAssembly
Native extension for WindowsStandalone target not found
Native extension for WebGL target not found
Refreshing native plugins compatible for Editor in 0.52 ms, found 3 plugins.
Preloading 0 native plugins for Editor in 0.00 ms.
Mono: successfully reloaded assembly
- Completed reload, in  0.763 seconds
Platform modules already initialized, skipping
Refreshing native plugins compatible for Editor in 0.46 ms, found 3 plugins.
Preloading 0 native plugins for Editor in 0.00 ms.
Unloading 2088 Unused Serialized files (Serialized files now loaded: 0)
System memory in use before: 96.8 MB.
System memory in use after: 97.0 MB.

Unloading 16 unused Assets to reduce memory usage. Loaded Objects now: 2846.
Total: 2.340800 ms (FindLiveObjects: 0.230700 ms CreateObjectMapping: 0.101900 ms MarkObjects: 1.989600 ms  DeleteObjects: 0.017600 ms)

========================================================================
Received Prepare
Registering precompiled user dll's ...
Registered in 0.003716 seconds.
Begin MonoManager ReloadAssembly
Native extension for WindowsStandalone target not found
Native extension for WebGL target not found
Refreshing native plugins compatible for Editor in 0.47 ms, found 3 plugins.
Preloading 0 native plugins for Editor in 0.00 ms.
Mono: successfully reloaded assembly
- Completed reload, in  0.758 seconds
Platform modules already initialized, skipping
Refreshing native plugins compatible for Editor in 0.46 ms, found 3 plugins.
Preloading 0 native plugins for Editor in 0.00 ms.
Unloading 2088 Unused Serialized files (Serialized files now loaded: 0)
System memory in use before: 96.8 MB.
System memory in use after: 97.0 MB.

Unloading 16 unused Assets to reduce memory usage. Loaded Objects now: 2850.
Total: 2.305900 ms (FindLiveObjects: 0.217500 ms CreateObjectMapping: 0.084100 ms MarkObjects: 1.987000 ms  DeleteObjects: 0.015700 ms)

========================================================================
Received Prepare
Registering precompiled user dll's ...
Registered in 0.003658 seconds.
Begin MonoManager ReloadAssembly
Native extension for WindowsStandalone target not found
Native extension for WebGL target not found
Refreshing native plugins compatible for Editor in 0.46 ms, found 3 plugins.
Preloading 0 native plugins for Editor in 0.00 ms.
Mono: successfully reloaded assembly
- Completed reload, in  0.793 seconds
Platform modules already initialized, skipping
Refreshing native plugins compatible for Editor in 0.46 ms, found 3 plugins.
Preloading 0 native plugins for Editor in 0.00 ms.
Unloading 2088 Unused Serialized files (Serialized files now loaded: 0)
System memory in use before: 96.8 MB.
System memory in use after: 97.0 MB.

Unloading 16 unused Assets to reduce memory usage. Loaded Objects now: 2854.
Total: 2.253600 ms (FindLiveObjects: 0.243200 ms CreateObjectMapping: 0.078800 ms MarkObjects: 1.916900 ms  DeleteObjects: 0.013600 ms)

========================================================================
Received Prepare
Registering precompiled user dll's ...
Registered in 0.003772 seconds.
Begin MonoManager ReloadAssembly
Native extension for WindowsStandalone target not found
Native extension for WebGL target not found
Refreshing native plugins compatible for Editor in 0.47 ms, found 3 plugins.
Preloading 0 native plugins for Editor in 0.00 ms.
Mono: successfully reloaded assembly
- Completed reload, in  0.759 seconds
Platform modules already initialized, skipping
Refreshing native plugins compatible for Editor in 0.47 ms, found 3 plugins.
Preloading 0 native plugins for Editor in 0.00 ms.
Unloading 2088 Unused Serialized files (Serialized files now loaded: 0)
System memory in use before: 96.8 MB.
System memory in use after: 97.1 MB.

Unloading 16 unused Assets to reduce memory usage. Loaded Objects now: 2858.
Total: 2.203200 ms (FindLiveObjects: 0.232900 ms CreateObjectMapping: 0.092300 ms MarkObjects: 1.862100 ms  DeleteObjects: 0.014900 ms)

========================================================================
Received Prepare
Registering precompiled user dll's ...
Registered in 0.003801 seconds.
Begin MonoManager ReloadAssembly
Native extension for WindowsStandalone target not found
Native extension for WebGL target not found
Refreshing native plugins compatible for Editor in 0.49 ms, found 3 plugins.
Preloading 0 native plugins for Editor in 0.00 ms.
Mono: successfully reloaded assembly
- Completed reload, in  0.810 seconds
Platform modules already initialized, skipping
Refreshing native plugins compatible for Editor in 0.46 ms, found 3 plugins.
Preloading 0 native plugins for Editor in 0.00 ms.
Unloading 2088 Unused Serialized files (Serialized files now loaded: 0)
System memory in use before: 96.8 MB.
System memory in use after: 97.1 MB.

Unloading 16 unused Assets to reduce memory usage. Loaded Objects now: 2862.
Total: 2.388000 ms (FindLiveObjects: 0.240000 ms CreateObjectMapping: 0.095000 ms MarkObjects: 2.037200 ms  DeleteObjects: 0.014800 ms)

========================================================================
Received Prepare
Registering precompiled user dll's ...
Registered in 0.003694 seconds.
Begin MonoManager ReloadAssembly
Native extension for WindowsStandalone target not found
Native extension for WebGL target not found
Refreshing native plugins compatible for Editor in 0.46 ms, found 3 plugins.
Preloading 0 native plugins for Editor in 0.00 ms.
Mono: successfully reloaded assembly
- Completed reload, in  0.771 seconds
Platform modules already initialized, skipping
Refreshing native plugins compatible for Editor in 0.46 ms, found 3 plugins.
Preloading 0 native plugins for Editor in 0.00 ms.
Unloading 2088 Unused Serialized files (Serialized files now loaded: 0)
System memory in use before: 96.9 MB.
System memory in use after: 97.1 MB.

Unloading 16 unused Assets to reduce memory usage. Loaded Objects now: 2866.
Total: 2.326500 ms (FindLiveObjects: 0.251100 ms CreateObjectMapping: 0.093100 ms MarkObjects: 1.967000 ms  DeleteObjects: 0.014700 ms)

========================================================================
Received Import Request.
  Time since last request: 207.383219 seconds.
  path: Assets/Prefab/enemy_greenslime.prefab
  artifactKey: Guid(24241a2a9dc052f4e9d379cb6303da69) Importer(815301076,1909f56bfc062723c751e8b465ee728b)
Start importing Assets/Prefab/enemy_greenslime.prefab using Guid(24241a2a9dc052f4e9d379cb6303da69) Importer(815301076,1909f56bfc062723c751e8b465ee728b)  -> (artifact id: 'e5b0765be5eb35444552c40343084a25') in 0.048459 seconds
  Import took 0.051783 seconds .

========================================================================
Received Import Request.
  Time since last request: 0.000169 seconds.
  path: Assets/Prefab/EnemyGroupA.prefab
  artifactKey: Guid(9a12dc6e94f497843a797db1179a532a) Importer(815301076,1909f56bfc062723c751e8b465ee728b)
Start importing Assets/Prefab/EnemyGroupA.prefab using Guid(9a12dc6e94f497843a797db1179a532a) Importer(815301076,1909f56bfc062723c751e8b465ee728b)  -> (artifact id: '0af0bd01d45aa38a31ff15eff52c725a') in 0.012924 seconds
  Import took 0.016289 seconds .

========================================================================
Received Import Request.
  Time since last request: 10.631811 seconds.
  path: Assets/Prefab/enemy_wingdemon.prefab
  artifactKey: Guid(61f77dbc39b75254782e931441a36272) Importer(815301076,1909f56bfc062723c751e8b465ee728b)
Start importing Assets/Prefab/enemy_wingdemon.prefab using Guid(61f77dbc39b75254782e931441a36272) Importer(815301076,1909f56bfc062723c751e8b465ee728b)  -> (artifact id: '39df85276e8a08f2bf02faff32a9409a') in 0.015787 seconds
  Import took 0.019353 seconds .

========================================================================
Received Import Request.
  Time since last request: 0.007795 seconds.
  path: Assets/Prefab/enemy_wingdemon.prefab
  artifactKey: Guid(61f77dbc39b75254782e931441a36272) Importer(815301076,1909f56bfc062723c751e8b465ee728b)
Start importing Assets/Prefab/enemy_wingdemon.prefab using Guid(61f77dbc39b75254782e931441a36272) Importer(815301076,1909f56bfc062723c751e8b465ee728b)  -> (artifact id: '39df85276e8a08f2bf02faff32a9409a') in 0.014914 seconds
  Import took 0.018731 seconds .

========================================================================
Received Import Request.
  Time since last request: 0.000186 seconds.
  path: Assets/Prefab/EnemyGroupA.prefab
  artifactKey: Guid(9a12dc6e94f497843a797db1179a532a) Importer(815301076,1909f56bfc062723c751e8b465ee728b)
Start importing Assets/Prefab/EnemyGroupA.prefab using Guid(9a12dc6e94f497843a797db1179a532a) Importer(815301076,1909f56bfc062723c751e8b465ee728b)  -> (artifact id: '1cd169851a6ead91f12ed642520df71e') in 0.014538 seconds
  Import took 0.018045 seconds .

AssetImportWorkerClient::OnTransportError - code=2 error=End of file
