Using pre-set license
Built from '2020.3/staging' branch; Version is '2020.3.10f1 (297d780c91bc) revision 2719096'; Using compiler version '192528614'; Build Type 'Release'
OS: 'Windows 10 Pro; OS build 19042.985; Version 2009; 64bit' Language: 'ko' Physical Memory: 15774 MB
BatchMode: 1, IsHumanControllingUs: 0, StartBugReporterOnCrash: 0, Is64bit: 1, IsPro: 0

 COMMAND LINE ARGUMENTS:
C:\Program Files\Unity\Hub\Editor\2020.3.10f1\Editor\Unity.exe
-adb2
-batchMode
-noUpm
-name
AssetImportWorker0
-projectPath
C:/Git/OSS_roguelikeTool/RoguelikeTools
-logFile
Logs/AssetImportWorker0.log
-srvPort
57997
Successfully changed project path to: C:/Git/OSS_roguelikeTool/RoguelikeTools
C:/Git/OSS_roguelikeTool/RoguelikeTools
Using Asset Import Pipeline V2.
Refreshing native plugins compatible for Editor in 34.15 ms, found 3 plugins.
Preloading 0 native plugins for Editor in 0.00 ms.
Initialize engine version: 2020.3.10f1 (297d780c91bc)
[Subsystems] Discovering subsystems at path C:/Program Files/Unity/Hub/Editor/2020.3.10f1/Editor/Data/Resources/UnitySubsystems
[Subsystems] Discovering subsystems at path C:/Git/OSS_roguelikeTool/RoguelikeTools/Assets
GfxDevice: creating device client; threaded=0
Direct3D:
    Version:  Direct3D 11.0 [level 11.1]
    Renderer: NVIDIA GeForce RTX 3060 Laptop GPU (ID=0x2520)
    Vendor:   
    VRAM:     6023 MB
    Driver:   27.21.14.6647
Initialize mono
Mono path[0] = 'C:/Program Files/Unity/Hub/Editor/2020.3.10f1/Editor/Data/Managed'
Mono path[1] = 'C:/Program Files/Unity/Hub/Editor/2020.3.10f1/Editor/Data/MonoBleedingEdge/lib/mono/unityjit'
Mono config path = 'C:/Program Files/Unity/Hub/Editor/2020.3.10f1/Editor/Data/MonoBleedingEdge/etc'
Using monoOptions --debugger-agent=transport=dt_socket,embedding=1,server=y,suspend=n,address=127.0.0.1:56056
Begin MonoManager ReloadAssembly
Registering precompiled unity dll's ...
Register platform support module: C:/Program Files/Unity/Hub/Editor/2020.3.10f1/Editor/Data/PlaybackEngines/WebGLSupport/UnityEditor.WebGL.Extensions.dll
Register platform support module: C:/Program Files/Unity/Hub/Editor/2020.3.10f1/Editor/Data/PlaybackEngines/WindowsStandaloneSupport/UnityEditor.WindowsStandalone.Extensions.dll
Registered in 0.002629 seconds.
Native extension for WindowsStandalone target not found
Native extension for WebGL target not found
Refreshing native plugins compatible for Editor in 33.81 ms, found 3 plugins.
Preloading 0 native plugins for Editor in 0.00 ms.
Mono: successfully reloaded assembly
- Completed reload, in  1.002 seconds
Platform modules already initialized, skipping
Registering precompiled user dll's ...
Registered in 0.004319 seconds.
Begin MonoManager ReloadAssembly
Native extension for WindowsStandalone target not found
Native extension for WebGL target not found
Refreshing native plugins compatible for Editor in 35.54 ms, found 3 plugins.
Preloading 0 native plugins for Editor in 0.00 ms.
Mono: successfully reloaded assembly
- Completed reload, in  0.936 seconds
Platform modules already initialized, skipping
========================================================================
Worker process is ready to serve import requests
Launched and connected shader compiler UnityShaderCompiler.exe after 0.04 seconds
Refreshing native plugins compatible for Editor in 0.47 ms, found 3 plugins.
Preloading 0 native plugins for Editor in 0.00 ms.
Unloading 2100 Unused Serialized files (Serialized files now loaded: 0)
System memory in use before: 93.3 MB.
System memory in use after: 93.4 MB.

Unloading 28 unused Assets to reduce memory usage. Loaded Objects now: 2540.
Total: 2.472200 ms (FindLiveObjects: 0.224300 ms CreateObjectMapping: 0.104400 ms MarkObjects: 2.072000 ms  DeleteObjects: 0.070700 ms)

========================================================================
Received Import Request.
  path: Assets/Script/EnemyAI_Ranged_V2.cs
  artifactKey: Guid(e3a4a1064d8848a41aa52fe6651ea061) Importer(815301076,1909f56bfc062723c751e8b465ee728b)
Start importing Assets/Script/EnemyAI_Ranged_V2.cs using Guid(e3a4a1064d8848a41aa52fe6651ea061) Importer(815301076,1909f56bfc062723c751e8b465ee728b)  -> (artifact id: '33ffa2842a53571884333506576257ac') in 0.025382 seconds
  Import took 0.028501 seconds .

========================================================================
Received Prepare
Registering precompiled user dll's ...
Registered in 0.003858 seconds.
Begin MonoManager ReloadAssembly
Native extension for WindowsStandalone target not found
Native extension for WebGL target not found
Refreshing native plugins compatible for Editor in 0.46 ms, found 3 plugins.
Preloading 0 native plugins for Editor in 0.00 ms.
Mono: successfully reloaded assembly
- Completed reload, in  0.766 seconds
Platform modules already initialized, skipping
Refreshing native plugins compatible for Editor in 0.52 ms, found 3 plugins.
Preloading 0 native plugins for Editor in 0.00 ms.
Unloading 2090 Unused Serialized files (Serialized files now loaded: 0)
System memory in use before: 92.8 MB.
System memory in use after: 92.9 MB.

Unloading 16 unused Assets to reduce memory usage. Loaded Objects now: 2544.
Total: 2.327800 ms (FindLiveObjects: 0.201500 ms CreateObjectMapping: 0.082700 ms MarkObjects: 2.026300 ms  DeleteObjects: 0.016000 ms)

========================================================================
Received Prepare
Registering precompiled user dll's ...
Registered in 0.003976 seconds.
Begin MonoManager ReloadAssembly
Native extension for WindowsStandalone target not found
Native extension for WebGL target not found
Refreshing native plugins compatible for Editor in 0.48 ms, found 3 plugins.
Preloading 0 native plugins for Editor in 0.00 ms.
Mono: successfully reloaded assembly
- Completed reload, in  0.794 seconds
Platform modules already initialized, skipping
Refreshing native plugins compatible for Editor in 0.47 ms, found 3 plugins.
Preloading 0 native plugins for Editor in 0.00 ms.
Unloading 2090 Unused Serialized files (Serialized files now loaded: 0)
System memory in use before: 92.8 MB.
System memory in use after: 92.9 MB.

Unloading 16 unused Assets to reduce memory usage. Loaded Objects now: 2548.
Total: 2.195400 ms (FindLiveObjects: 0.201000 ms CreateObjectMapping: 0.080300 ms MarkObjects: 1.896700 ms  DeleteObjects: 0.016600 ms)

========================================================================
Received Import Request.
  Time since last request: 36.894570 seconds.
  path: Assets/Script/EnemyAI_Ranged_V2.cs
  artifactKey: Guid(e3a4a1064d8848a41aa52fe6651ea061) Importer(815301076,1909f56bfc062723c751e8b465ee728b)
Start importing Assets/Script/EnemyAI_Ranged_V2.cs using Guid(e3a4a1064d8848a41aa52fe6651ea061) Importer(815301076,1909f56bfc062723c751e8b465ee728b)  -> (artifact id: '90e1ea5fe9bd272c526a0f1c1e2ea23c') in 0.004922 seconds
  Import took 0.007863 seconds .

========================================================================
Received Prepare
Registering precompiled user dll's ...
Registered in 0.003502 seconds.
Begin MonoManager ReloadAssembly
Native extension for WindowsStandalone target not found
Native extension for WebGL target not found
Refreshing native plugins compatible for Editor in 0.46 ms, found 3 plugins.
Preloading 0 native plugins for Editor in 0.00 ms.
Mono: successfully reloaded assembly
- Completed reload, in  0.755 seconds
Platform modules already initialized, skipping
Refreshing native plugins compatible for Editor in 0.46 ms, found 3 plugins.
Preloading 0 native plugins for Editor in 0.00 ms.
Unloading 2090 Unused Serialized files (Serialized files now loaded: 0)
System memory in use before: 92.8 MB.
System memory in use after: 93.0 MB.

Unloading 16 unused Assets to reduce memory usage. Loaded Objects now: 2552.
Total: 2.114900 ms (FindLiveObjects: 0.189400 ms CreateObjectMapping: 0.077600 ms MarkObjects: 1.834000 ms  DeleteObjects: 0.013100 ms)

========================================================================
Received Import Request.
  Time since last request: 912.608609 seconds.
  path: Assets/Prefab/PlayerChara.prefab
  artifactKey: Guid(970a55e10c15a7941928c608ea6de85c) Importer(815301076,1909f56bfc062723c751e8b465ee728b)
Start importing Assets/Prefab/PlayerChara.prefab using Guid(970a55e10c15a7941928c608ea6de85c) Importer(815301076,1909f56bfc062723c751e8b465ee728b)  -> (artifact id: '42895dcf1a18c4ba25d5e23600700d75') in 0.079463 seconds
  Import took 0.082962 seconds .

========================================================================
Received Import Request.
  Time since last request: 34.724830 seconds.
  path: Assets/Script/EnemyAI_Ranged_V2.cs
  artifactKey: Guid(e3a4a1064d8848a41aa52fe6651ea061) Importer(815301076,1909f56bfc062723c751e8b465ee728b)
Start importing Assets/Script/EnemyAI_Ranged_V2.cs using Guid(e3a4a1064d8848a41aa52fe6651ea061) Importer(815301076,1909f56bfc062723c751e8b465ee728b)  -> (artifact id: 'cc4b2017d8abf2f067b583c23ff19aac') in 0.002183 seconds
  Import took 0.005406 seconds .

========================================================================
Received Import Request.
  Time since last request: 0.052335 seconds.
  path: Assets/Script/EnemyAI_Ranged_V2.cs
  artifactKey: Guid(e3a4a1064d8848a41aa52fe6651ea061) Importer(815301076,1909f56bfc062723c751e8b465ee728b)
Start importing Assets/Script/EnemyAI_Ranged_V2.cs using Guid(e3a4a1064d8848a41aa52fe6651ea061) Importer(815301076,1909f56bfc062723c751e8b465ee728b)  -> (artifact id: 'cc4b2017d8abf2f067b583c23ff19aac') in 0.002270 seconds
  Import took 0.005418 seconds .

========================================================================
Received Prepare
Registering precompiled user dll's ...
Registered in 0.003765 seconds.
Begin MonoManager ReloadAssembly
Native extension for WindowsStandalone target not found
Native extension for WebGL target not found
Refreshing native plugins compatible for Editor in 0.46 ms, found 3 plugins.
Preloading 0 native plugins for Editor in 0.00 ms.
Mono: successfully reloaded assembly
- Completed reload, in  0.719 seconds
Platform modules already initialized, skipping
Refreshing native plugins compatible for Editor in 0.48 ms, found 3 plugins.
Preloading 0 native plugins for Editor in 0.00 ms.
Unloading 2090 Unused Serialized files (Serialized files now loaded: 0)
System memory in use before: 95.9 MB.
System memory in use after: 96.0 MB.

Unloading 16 unused Assets to reduce memory usage. Loaded Objects now: 2563.
Total: 2.293200 ms (FindLiveObjects: 0.208000 ms CreateObjectMapping: 0.090400 ms MarkObjects: 1.978800 ms  DeleteObjects: 0.015300 ms)

========================================================================
Received Prepare
Registering precompiled user dll's ...
Registered in 0.003477 seconds.
Begin MonoManager ReloadAssembly
Native extension for WindowsStandalone target not found
Native extension for WebGL target not found
Refreshing native plugins compatible for Editor in 0.42 ms, found 3 plugins.
Preloading 0 native plugins for Editor in 0.00 ms.
Mono: successfully reloaded assembly
- Completed reload, in  0.733 seconds
Platform modules already initialized, skipping
Refreshing native plugins compatible for Editor in 0.51 ms, found 3 plugins.
Preloading 0 native plugins for Editor in 0.00 ms.
Unloading 2090 Unused Serialized files (Serialized files now loaded: 0)
System memory in use before: 95.9 MB.
System memory in use after: 96.0 MB.

Unloading 16 unused Assets to reduce memory usage. Loaded Objects now: 2567.
Total: 2.166800 ms (FindLiveObjects: 0.219000 ms CreateObjectMapping: 0.059300 ms MarkObjects: 1.870700 ms  DeleteObjects: 0.016900 ms)

========================================================================
Received Prepare
Registering precompiled user dll's ...
Registered in 0.004032 seconds.
Begin MonoManager ReloadAssembly
Native extension for WindowsStandalone target not found
Native extension for WebGL target not found
Refreshing native plugins compatible for Editor in 0.53 ms, found 3 plugins.
Preloading 0 native plugins for Editor in 0.00 ms.
Mono: successfully reloaded assembly
- Completed reload, in  0.763 seconds
Platform modules already initialized, skipping
Refreshing native plugins compatible for Editor in 0.46 ms, found 3 plugins.
Preloading 0 native plugins for Editor in 0.00 ms.
Unloading 2090 Unused Serialized files (Serialized files now loaded: 0)
System memory in use before: 95.9 MB.
System memory in use after: 96.0 MB.

Unloading 16 unused Assets to reduce memory usage. Loaded Objects now: 2571.
Total: 2.146000 ms (FindLiveObjects: 0.205100 ms CreateObjectMapping: 0.086200 ms MarkObjects: 1.839300 ms  DeleteObjects: 0.014700 ms)

========================================================================
Received Prepare
Registering precompiled user dll's ...
Registered in 0.004156 seconds.
Begin MonoManager ReloadAssembly
Native extension for WindowsStandalone target not found
Native extension for WebGL target not found
Refreshing native plugins compatible for Editor in 0.46 ms, found 3 plugins.
Preloading 0 native plugins for Editor in 0.00 ms.
Mono: successfully reloaded assembly
- Completed reload, in  0.762 seconds
Platform modules already initialized, skipping
Refreshing native plugins compatible for Editor in 0.76 ms, found 3 plugins.
Preloading 0 native plugins for Editor in 0.00 ms.
Unloading 2090 Unused Serialized files (Serialized files now loaded: 0)
System memory in use before: 95.9 MB.
System memory in use after: 96.0 MB.

Unloading 16 unused Assets to reduce memory usage. Loaded Objects now: 2575.
Total: 2.162600 ms (FindLiveObjects: 0.197000 ms CreateObjectMapping: 0.076800 ms MarkObjects: 1.872900 ms  DeleteObjects: 0.015400 ms)

========================================================================
Received Prepare
Registering precompiled user dll's ...
Registered in 0.003885 seconds.
Begin MonoManager ReloadAssembly
Native extension for WindowsStandalone target not found
Native extension for WebGL target not found
Refreshing native plugins compatible for Editor in 0.47 ms, found 3 plugins.
Preloading 0 native plugins for Editor in 0.00 ms.
Mono: successfully reloaded assembly
- Completed reload, in  0.759 seconds
Platform modules already initialized, skipping
Refreshing native plugins compatible for Editor in 0.51 ms, found 3 plugins.
Preloading 0 native plugins for Editor in 0.00 ms.
Unloading 2090 Unused Serialized files (Serialized files now loaded: 0)
System memory in use before: 95.9 MB.
System memory in use after: 96.0 MB.

Unloading 16 unused Assets to reduce memory usage. Loaded Objects now: 2579.
Total: 2.318200 ms (FindLiveObjects: 0.216200 ms CreateObjectMapping: 0.081700 ms MarkObjects: 2.002000 ms  DeleteObjects: 0.017700 ms)

========================================================================
Received Prepare
Registering precompiled user dll's ...
Registered in 0.003421 seconds.
Begin MonoManager ReloadAssembly
Native extension for WindowsStandalone target not found
Native extension for WebGL target not found
Refreshing native plugins compatible for Editor in 0.46 ms, found 3 plugins.
Preloading 0 native plugins for Editor in 0.00 ms.
Mono: successfully reloaded assembly
- Completed reload, in  0.753 seconds
Platform modules already initialized, skipping
Refreshing native plugins compatible for Editor in 0.48 ms, found 3 plugins.
Preloading 0 native plugins for Editor in 0.00 ms.
Unloading 2090 Unused Serialized files (Serialized files now loaded: 0)
System memory in use before: 95.9 MB.
System memory in use after: 96.0 MB.

Unloading 16 unused Assets to reduce memory usage. Loaded Objects now: 2583.
Total: 1.938200 ms (FindLiveObjects: 0.201400 ms CreateObjectMapping: 0.056200 ms MarkObjects: 1.665300 ms  DeleteObjects: 0.014600 ms)

========================================================================
Received Prepare
Registering precompiled user dll's ...
Registered in 0.004186 seconds.
Begin MonoManager ReloadAssembly
Native extension for WindowsStandalone target not found
Native extension for WebGL target not found
Refreshing native plugins compatible for Editor in 0.47 ms, found 3 plugins.
Preloading 0 native plugins for Editor in 0.00 ms.
Mono: successfully reloaded assembly
- Completed reload, in  0.760 seconds
Platform modules already initialized, skipping
Refreshing native plugins compatible for Editor in 0.47 ms, found 3 plugins.
Preloading 0 native plugins for Editor in 0.00 ms.
Unloading 2090 Unused Serialized files (Serialized files now loaded: 0)
System memory in use before: 95.9 MB.
System memory in use after: 96.0 MB.

Unloading 16 unused Assets to reduce memory usage. Loaded Objects now: 2587.
Total: 2.193700 ms (FindLiveObjects: 0.206600 ms CreateObjectMapping: 0.093000 ms MarkObjects: 1.878600 ms  DeleteObjects: 0.014800 ms)

========================================================================
Received Prepare
Registering precompiled user dll's ...
Registered in 0.003687 seconds.
Begin MonoManager ReloadAssembly
Native extension for WindowsStandalone target not found
Native extension for WebGL target not found
Refreshing native plugins compatible for Editor in 0.48 ms, found 3 plugins.
Preloading 0 native plugins for Editor in 0.00 ms.
Mono: successfully reloaded assembly
- Completed reload, in  0.718 seconds
Platform modules already initialized, skipping
Refreshing native plugins compatible for Editor in 0.45 ms, found 3 plugins.
Preloading 0 native plugins for Editor in 0.00 ms.
Unloading 2090 Unused Serialized files (Serialized files now loaded: 0)
System memory in use before: 95.9 MB.
System memory in use after: 96.0 MB.

Unloading 16 unused Assets to reduce memory usage. Loaded Objects now: 2591.
Total: 2.203100 ms (FindLiveObjects: 0.205100 ms CreateObjectMapping: 0.071800 ms MarkObjects: 1.910900 ms  DeleteObjects: 0.014600 ms)

========================================================================
Received Prepare
Registering precompiled user dll's ...
Registered in 0.003780 seconds.
Begin MonoManager ReloadAssembly
Native extension for WindowsStandalone target not found
Native extension for WebGL target not found
Refreshing native plugins compatible for Editor in 0.47 ms, found 3 plugins.
Preloading 0 native plugins for Editor in 0.00 ms.
Mono: successfully reloaded assembly
- Completed reload, in  0.776 seconds
Platform modules already initialized, skipping
Refreshing native plugins compatible for Editor in 0.94 ms, found 3 plugins.
Preloading 0 native plugins for Editor in 0.00 ms.
Unloading 2090 Unused Serialized files (Serialized files now loaded: 0)
System memory in use before: 95.9 MB.
System memory in use after: 96.1 MB.

Unloading 16 unused Assets to reduce memory usage. Loaded Objects now: 2595.
Total: 2.801200 ms (FindLiveObjects: 0.222700 ms CreateObjectMapping: 0.110600 ms MarkObjects: 2.449700 ms  DeleteObjects: 0.017300 ms)

========================================================================
Received Prepare
Registering precompiled user dll's ...
Registered in 0.003757 seconds.
Begin MonoManager ReloadAssembly
Native extension for WindowsStandalone target not found
Native extension for WebGL target not found
Refreshing native plugins compatible for Editor in 0.46 ms, found 3 plugins.
Preloading 0 native plugins for Editor in 0.00 ms.
Mono: successfully reloaded assembly
- Completed reload, in  0.759 seconds
Platform modules already initialized, skipping
Refreshing native plugins compatible for Editor in 0.47 ms, found 3 plugins.
Preloading 0 native plugins for Editor in 0.00 ms.
Unloading 2090 Unused Serialized files (Serialized files now loaded: 0)
System memory in use before: 95.9 MB.
System memory in use after: 96.1 MB.

Unloading 16 unused Assets to reduce memory usage. Loaded Objects now: 2599.
Total: 2.157200 ms (FindLiveObjects: 0.208300 ms CreateObjectMapping: 0.074000 ms MarkObjects: 1.858300 ms  DeleteObjects: 0.015900 ms)

========================================================================
Received Prepare
Registering precompiled user dll's ...
Registered in 0.003436 seconds.
Begin MonoManager ReloadAssembly
Native extension for WindowsStandalone target not found
Native extension for WebGL target not found
Refreshing native plugins compatible for Editor in 0.43 ms, found 3 plugins.
Preloading 0 native plugins for Editor in 0.00 ms.
Mono: successfully reloaded assembly
- Completed reload, in  0.754 seconds
Platform modules already initialized, skipping
Refreshing native plugins compatible for Editor in 0.48 ms, found 3 plugins.
Preloading 0 native plugins for Editor in 0.00 ms.
Unloading 2090 Unused Serialized files (Serialized files now loaded: 0)
System memory in use before: 96.0 MB.
System memory in use after: 96.1 MB.

Unloading 16 unused Assets to reduce memory usage. Loaded Objects now: 2603.
Total: 2.289800 ms (FindLiveObjects: 0.221800 ms CreateObjectMapping: 0.090600 ms MarkObjects: 1.960700 ms  DeleteObjects: 0.015900 ms)

========================================================================
Received Prepare
Registering precompiled user dll's ...
Registered in 0.003540 seconds.
Begin MonoManager ReloadAssembly
Native extension for WindowsStandalone target not found
Native extension for WebGL target not found
Refreshing native plugins compatible for Editor in 0.41 ms, found 3 plugins.
Preloading 0 native plugins for Editor in 0.00 ms.
Mono: successfully reloaded assembly
- Completed reload, in  0.774 seconds
Platform modules already initialized, skipping
Refreshing native plugins compatible for Editor in 0.47 ms, found 3 plugins.
Preloading 0 native plugins for Editor in 0.00 ms.
Unloading 2090 Unused Serialized files (Serialized files now loaded: 0)
System memory in use before: 96.0 MB.
System memory in use after: 96.1 MB.

Unloading 16 unused Assets to reduce memory usage. Loaded Objects now: 2607.
Total: 2.499000 ms (FindLiveObjects: 0.240700 ms CreateObjectMapping: 0.104400 ms MarkObjects: 2.134500 ms  DeleteObjects: 0.018600 ms)

========================================================================
Received Prepare
Registering precompiled user dll's ...
Registered in 0.003549 seconds.
Begin MonoManager ReloadAssembly
Native extension for WindowsStandalone target not found
Native extension for WebGL target not found
Refreshing native plugins compatible for Editor in 0.43 ms, found 3 plugins.
Preloading 0 native plugins for Editor in 0.00 ms.
Mono: successfully reloaded assembly
- Completed reload, in  0.771 seconds
Platform modules already initialized, skipping
Refreshing native plugins compatible for Editor in 0.49 ms, found 3 plugins.
Preloading 0 native plugins for Editor in 0.00 ms.
Unloading 2090 Unused Serialized files (Serialized files now loaded: 0)
System memory in use before: 96.0 MB.
System memory in use after: 96.1 MB.

Unloading 16 unused Assets to reduce memory usage. Loaded Objects now: 2611.
Total: 2.313700 ms (FindLiveObjects: 0.203000 ms CreateObjectMapping: 0.091200 ms MarkObjects: 2.001100 ms  DeleteObjects: 0.017400 ms)

========================================================================
Received Prepare
Registering precompiled user dll's ...
Registered in 0.003783 seconds.
Begin MonoManager ReloadAssembly
Native extension for WindowsStandalone target not found
Native extension for WebGL target not found
Refreshing native plugins compatible for Editor in 0.47 ms, found 3 plugins.
Preloading 0 native plugins for Editor in 0.00 ms.
Mono: successfully reloaded assembly
- Completed reload, in  0.756 seconds
Platform modules already initialized, skipping
Refreshing native plugins compatible for Editor in 0.45 ms, found 3 plugins.
Preloading 0 native plugins for Editor in 0.00 ms.
Unloading 2090 Unused Serialized files (Serialized files now loaded: 0)
System memory in use before: 96.0 MB.
System memory in use after: 96.1 MB.

Unloading 16 unused Assets to reduce memory usage. Loaded Objects now: 2615.
Total: 2.153000 ms (FindLiveObjects: 0.192600 ms CreateObjectMapping: 0.096300 ms MarkObjects: 1.849000 ms  DeleteObjects: 0.014300 ms)

========================================================================
Received Prepare
Registering precompiled user dll's ...
Registered in 0.003728 seconds.
Begin MonoManager ReloadAssembly
Native extension for WindowsStandalone target not found
Native extension for WebGL target not found
Refreshing native plugins compatible for Editor in 0.47 ms, found 3 plugins.
Preloading 0 native plugins for Editor in 0.00 ms.
Mono: successfully reloaded assembly
- Completed reload, in  0.754 seconds
Platform modules already initialized, skipping
Refreshing native plugins compatible for Editor in 0.58 ms, found 3 plugins.
Preloading 0 native plugins for Editor in 0.00 ms.
Unloading 2090 Unused Serialized files (Serialized files now loaded: 0)
System memory in use before: 96.0 MB.
System memory in use after: 96.1 MB.

Unloading 16 unused Assets to reduce memory usage. Loaded Objects now: 2619.
Total: 2.374300 ms (FindLiveObjects: 0.213400 ms CreateObjectMapping: 0.084800 ms MarkObjects: 2.057900 ms  DeleteObjects: 0.017400 ms)

========================================================================
Received Prepare
Registering precompiled user dll's ...
Registered in 0.003558 seconds.
Begin MonoManager ReloadAssembly
Native extension for WindowsStandalone target not found
Native extension for WebGL target not found
Refreshing native plugins compatible for Editor in 0.43 ms, found 3 plugins.
Preloading 0 native plugins for Editor in 0.00 ms.
Mono: successfully reloaded assembly
- Completed reload, in  0.758 seconds
Platform modules already initialized, skipping
Refreshing native plugins compatible for Editor in 0.48 ms, found 3 plugins.
Preloading 0 native plugins for Editor in 0.00 ms.
Unloading 2090 Unused Serialized files (Serialized files now loaded: 0)
System memory in use before: 96.0 MB.
System memory in use after: 96.1 MB.

Unloading 16 unused Assets to reduce memory usage. Loaded Objects now: 2623.
Total: 2.356500 ms (FindLiveObjects: 0.208500 ms CreateObjectMapping: 0.082300 ms MarkObjects: 2.047900 ms  DeleteObjects: 0.017000 ms)

========================================================================
Received Prepare
Registering precompiled user dll's ...
Registered in 0.003592 seconds.
Begin MonoManager ReloadAssembly
Native extension for WindowsStandalone target not found
Native extension for WebGL target not found
Refreshing native plugins compatible for Editor in 0.50 ms, found 3 plugins.
Preloading 0 native plugins for Editor in 0.00 ms.
Mono: successfully reloaded assembly
- Completed reload, in  0.796 seconds
Platform modules already initialized, skipping
Refreshing native plugins compatible for Editor in 0.44 ms, found 3 plugins.
Preloading 0 native plugins for Editor in 0.00 ms.
Unloading 2090 Unused Serialized files (Serialized files now loaded: 0)
System memory in use before: 96.0 MB.
System memory in use after: 96.1 MB.

Unloading 16 unused Assets to reduce memory usage. Loaded Objects now: 2627.
Total: 2.267000 ms (FindLiveObjects: 0.204000 ms CreateObjectMapping: 0.075000 ms MarkObjects: 1.974400 ms  DeleteObjects: 0.012900 ms)

========================================================================
Received Import Request.
  Time since last request: 1180.380589 seconds.
  path: Assets/Script/CameraMoveManager.cs
  artifactKey: Guid(7c250a67d8df9714eb5e510aae0162e5) Importer(815301076,1909f56bfc062723c751e8b465ee728b)
Start importing Assets/Script/CameraMoveManager.cs using Guid(7c250a67d8df9714eb5e510aae0162e5) Importer(815301076,1909f56bfc062723c751e8b465ee728b)  -> (artifact id: '959969c7ae66bbe30fbaaadf979ab84b') in 0.011797 seconds
  Import took 0.014905 seconds .

========================================================================
Received Import Request.
  Time since last request: 0.001255 seconds.
  path: Assets/Script/CameraMoveManager.cs
  artifactKey: Guid(7c250a67d8df9714eb5e510aae0162e5) Importer(815301076,1909f56bfc062723c751e8b465ee728b)
Start importing Assets/Script/CameraMoveManager.cs using Guid(7c250a67d8df9714eb5e510aae0162e5) Importer(815301076,1909f56bfc062723c751e8b465ee728b)  -> (artifact id: '959969c7ae66bbe30fbaaadf979ab84b') in 0.002103 seconds
  Import took 0.005058 seconds .

========================================================================
Received Prepare
Registering precompiled user dll's ...
Registered in 0.003694 seconds.
Begin MonoManager ReloadAssembly
Native extension for WindowsStandalone target not found
Native extension for WebGL target not found
Refreshing native plugins compatible for Editor in 0.49 ms, found 3 plugins.
Preloading 0 native plugins for Editor in 0.00 ms.
Mono: successfully reloaded assembly
- Completed reload, in  0.788 seconds
Platform modules already initialized, skipping
Refreshing native plugins compatible for Editor in 0.46 ms, found 3 plugins.
Preloading 0 native plugins for Editor in 0.00 ms.
Unloading 2090 Unused Serialized files (Serialized files now loaded: 0)
System memory in use before: 96.0 MB.
System memory in use after: 96.1 MB.

Unloading 16 unused Assets to reduce memory usage. Loaded Objects now: 2631.
Total: 2.541500 ms (FindLiveObjects: 0.234300 ms CreateObjectMapping: 0.088200 ms MarkObjects: 2.200500 ms  DeleteObjects: 0.017700 ms)

========================================================================
Received Import Request.
  Time since last request: 9.844325 seconds.
  path: Assets/Script/EnemyAI_Ranged_V2.cs
  artifactKey: Guid(e3a4a1064d8848a41aa52fe6651ea061) Importer(815301076,1909f56bfc062723c751e8b465ee728b)
Start importing Assets/Script/EnemyAI_Ranged_V2.cs using Guid(e3a4a1064d8848a41aa52fe6651ea061) Importer(815301076,1909f56bfc062723c751e8b465ee728b)  -> (artifact id: 'e64f9e5e37936f6ab38ead0097e6676f') in 0.005040 seconds
  Import took 0.008532 seconds .

========================================================================
Received Prepare
Registering precompiled user dll's ...
Registered in 0.003764 seconds.
Begin MonoManager ReloadAssembly
Native extension for WindowsStandalone target not found
Native extension for WebGL target not found
Refreshing native plugins compatible for Editor in 0.46 ms, found 3 plugins.
Preloading 0 native plugins for Editor in 0.00 ms.
Mono: successfully reloaded assembly
- Completed reload, in  0.793 seconds
Platform modules already initialized, skipping
Refreshing native plugins compatible for Editor in 0.50 ms, found 3 plugins.
Preloading 0 native plugins for Editor in 0.00 ms.
Unloading 2090 Unused Serialized files (Serialized files now loaded: 0)
System memory in use before: 96.0 MB.
System memory in use after: 96.2 MB.

Unloading 16 unused Assets to reduce memory usage. Loaded Objects now: 2635.
Total: 2.246800 ms (FindLiveObjects: 0.212600 ms CreateObjectMapping: 0.074800 ms MarkObjects: 1.941500 ms  DeleteObjects: 0.016900 ms)

========================================================================
Received Import Request.
  Time since last request: 68.015317 seconds.
  path: Assets/Script/EnemyAI_Stat.cs
  artifactKey: Guid(1e722b33d57d1e14e9cfc14e99bd4bd0) Importer(815301076,1909f56bfc062723c751e8b465ee728b)
Start importing Assets/Script/EnemyAI_Stat.cs using Guid(1e722b33d57d1e14e9cfc14e99bd4bd0) Importer(815301076,1909f56bfc062723c751e8b465ee728b)  -> (artifact id: 'dced7f801626daadce77600f10830a8c') in 0.008938 seconds
  Import took 0.012338 seconds .

========================================================================
Received Import Request.
  Time since last request: 7.964681 seconds.
  path: Assets/Script/EnemyAI_Stat_V2.cs
  artifactKey: Guid(1e722b33d57d1e14e9cfc14e99bd4bd0) Importer(815301076,1909f56bfc062723c751e8b465ee728b)
Start importing Assets/Script/EnemyAI_Stat_V2.cs using Guid(1e722b33d57d1e14e9cfc14e99bd4bd0) Importer(815301076,1909f56bfc062723c751e8b465ee728b)  -> (artifact id: 'f6dca7d31b7e92a7f593409c9de3f731') in 0.006458 seconds
  Import took 0.009608 seconds .

========================================================================
Received Prepare
Registering precompiled user dll's ...
Registered in 0.003886 seconds.
Begin MonoManager ReloadAssembly
Native extension for WindowsStandalone target not found
Native extension for WebGL target not found
Refreshing native plugins compatible for Editor in 0.47 ms, found 3 plugins.
Preloading 0 native plugins for Editor in 0.00 ms.
Mono: successfully reloaded assembly
- Completed reload, in  0.776 seconds
Platform modules already initialized, skipping
Refreshing native plugins compatible for Editor in 0.48 ms, found 3 plugins.
Preloading 0 native plugins for Editor in 0.00 ms.
Unloading 2091 Unused Serialized files (Serialized files now loaded: 0)
System memory in use before: 96.1 MB.
System memory in use after: 96.2 MB.

Unloading 16 unused Assets to reduce memory usage. Loaded Objects now: 2640.
Total: 2.464100 ms (FindLiveObjects: 0.216100 ms CreateObjectMapping: 0.087200 ms MarkObjects: 2.143600 ms  DeleteObjects: 0.016300 ms)

========================================================================
Received Prepare
Registering precompiled user dll's ...
Registered in 0.003891 seconds.
Begin MonoManager ReloadAssembly
Native extension for WindowsStandalone target not found
Native extension for WebGL target not found
Refreshing native plugins compatible for Editor in 0.47 ms, found 3 plugins.
Preloading 0 native plugins for Editor in 0.00 ms.
Mono: successfully reloaded assembly
- Completed reload, in  0.835 seconds
Platform modules already initialized, skipping
Refreshing native plugins compatible for Editor in 0.48 ms, found 3 plugins.
Preloading 0 native plugins for Editor in 0.00 ms.
Unloading 2091 Unused Serialized files (Serialized files now loaded: 0)
System memory in use before: 96.1 MB.
System memory in use after: 96.2 MB.

Unloading 16 unused Assets to reduce memory usage. Loaded Objects now: 2644.
Total: 2.401900 ms (FindLiveObjects: 0.209000 ms CreateObjectMapping: 0.091100 ms MarkObjects: 2.082700 ms  DeleteObjects: 0.018200 ms)

========================================================================
Received Prepare
Registering precompiled user dll's ...
Registered in 0.003923 seconds.
Begin MonoManager ReloadAssembly
Native extension for WindowsStandalone target not found
Native extension for WebGL target not found
Refreshing native plugins compatible for Editor in 0.46 ms, found 3 plugins.
Preloading 0 native plugins for Editor in 0.00 ms.
Mono: successfully reloaded assembly
- Completed reload, in  0.728 seconds
Platform modules already initialized, skipping
Refreshing native plugins compatible for Editor in 0.45 ms, found 3 plugins.
Preloading 0 native plugins for Editor in 0.00 ms.
Unloading 2091 Unused Serialized files (Serialized files now loaded: 0)
System memory in use before: 96.1 MB.
System memory in use after: 96.2 MB.

Unloading 16 unused Assets to reduce memory usage. Loaded Objects now: 2648.
Total: 2.259400 ms (FindLiveObjects: 0.191600 ms CreateObjectMapping: 0.075800 ms MarkObjects: 1.974900 ms  DeleteObjects: 0.015800 ms)

========================================================================
Received Import Request.
  Time since last request: 585.359195 seconds.
  path: Assets/Script/EnemyAI_Stat_V2.cs
  artifactKey: Guid(1e722b33d57d1e14e9cfc14e99bd4bd0) Importer(815301076,1909f56bfc062723c751e8b465ee728b)
Start importing Assets/Script/EnemyAI_Stat_V2.cs using Guid(1e722b33d57d1e14e9cfc14e99bd4bd0) Importer(815301076,1909f56bfc062723c751e8b465ee728b)  -> (artifact id: '2ef9ba981d9d35b4c1ddc765f12593ca') in 0.004857 seconds
  Import took 0.007750 seconds .

========================================================================
Received Prepare
Registering precompiled user dll's ...
Registered in 0.004750 seconds.
Begin MonoManager ReloadAssembly
Native extension for WindowsStandalone target not found
Native extension for WebGL target not found
Refreshing native plugins compatible for Editor in 0.48 ms, found 3 plugins.
Preloading 0 native plugins for Editor in 0.00 ms.
Mono: successfully reloaded assembly
- Completed reload, in  0.770 seconds
Platform modules already initialized, skipping
Refreshing native plugins compatible for Editor in 0.46 ms, found 3 plugins.
Preloading 0 native plugins for Editor in 0.00 ms.
Unloading 2091 Unused Serialized files (Serialized files now loaded: 0)
System memory in use before: 96.1 MB.
System memory in use after: 96.2 MB.

Unloading 16 unused Assets to reduce memory usage. Loaded Objects now: 2652.
Total: 2.325600 ms (FindLiveObjects: 0.216000 ms CreateObjectMapping: 0.086900 ms MarkObjects: 2.005700 ms  DeleteObjects: 0.016000 ms)

========================================================================
Received Prepare
Registering precompiled user dll's ...
Registered in 0.003641 seconds.
Begin MonoManager ReloadAssembly
Native extension for WindowsStandalone target not found
Native extension for WebGL target not found
Refreshing native plugins compatible for Editor in 0.49 ms, found 3 plugins.
Preloading 0 native plugins for Editor in 0.00 ms.
Mono: successfully reloaded assembly
- Completed reload, in  0.731 seconds
Platform modules already initialized, skipping
Refreshing native plugins compatible for Editor in 0.46 ms, found 3 plugins.
Preloading 0 native plugins for Editor in 0.00 ms.
Unloading 2091 Unused Serialized files (Serialized files now loaded: 0)
System memory in use before: 96.1 MB.
System memory in use after: 96.2 MB.

Unloading 16 unused Assets to reduce memory usage. Loaded Objects now: 2656.
Total: 2.212800 ms (FindLiveObjects: 0.205200 ms CreateObjectMapping: 0.082300 ms MarkObjects: 1.909800 ms  DeleteObjects: 0.014800 ms)

========================================================================
Received Prepare
Registering precompiled user dll's ...
Registered in 0.003683 seconds.
Begin MonoManager ReloadAssembly
Native extension for WindowsStandalone target not found
Native extension for WebGL target not found
Refreshing native plugins compatible for Editor in 0.50 ms, found 3 plugins.
Preloading 0 native plugins for Editor in 0.00 ms.
Mono: successfully reloaded assembly
- Completed reload, in  0.894 seconds
Platform modules already initialized, skipping
Refreshing native plugins compatible for Editor in 0.47 ms, found 3 plugins.
Preloading 0 native plugins for Editor in 0.00 ms.
Unloading 2091 Unused Serialized files (Serialized files now loaded: 0)
System memory in use before: 96.1 MB.
System memory in use after: 96.2 MB.

Unloading 16 unused Assets to reduce memory usage. Loaded Objects now: 2660.
Total: 2.620900 ms (FindLiveObjects: 0.297500 ms CreateObjectMapping: 0.129100 ms MarkObjects: 2.174300 ms  DeleteObjects: 0.017400 ms)

========================================================================
Received Prepare
Registering precompiled user dll's ...
Registered in 0.003766 seconds.
Begin MonoManager ReloadAssembly
Native extension for WindowsStandalone target not found
Native extension for WebGL target not found
Refreshing native plugins compatible for Editor in 0.49 ms, found 3 plugins.
Preloading 0 native plugins for Editor in 0.00 ms.
Mono: successfully reloaded assembly
- Completed reload, in  0.761 seconds
Platform modules already initialized, skipping
Refreshing native plugins compatible for Editor in 0.58 ms, found 3 plugins.
Preloading 0 native plugins for Editor in 0.00 ms.
Unloading 2091 Unused Serialized files (Serialized files now loaded: 0)
System memory in use before: 96.1 MB.
System memory in use after: 96.2 MB.

Unloading 16 unused Assets to reduce memory usage. Loaded Objects now: 2664.
Total: 2.261200 ms (FindLiveObjects: 0.203500 ms CreateObjectMapping: 0.070400 ms MarkObjects: 1.971600 ms  DeleteObjects: 0.015100 ms)

========================================================================
Received Prepare
Registering precompiled user dll's ...
Registered in 0.003730 seconds.
Begin MonoManager ReloadAssembly
Native extension for WindowsStandalone target not found
Native extension for WebGL target not found
Refreshing native plugins compatible for Editor in 0.48 ms, found 3 plugins.
Preloading 0 native plugins for Editor in 0.00 ms.
Mono: successfully reloaded assembly
- Completed reload, in  0.760 seconds
Platform modules already initialized, skipping
Refreshing native plugins compatible for Editor in 0.48 ms, found 3 plugins.
Preloading 0 native plugins for Editor in 0.00 ms.
Unloading 2091 Unused Serialized files (Serialized files now loaded: 0)
System memory in use before: 96.1 MB.
System memory in use after: 96.2 MB.

Unloading 16 unused Assets to reduce memory usage. Loaded Objects now: 2668.
Total: 2.334700 ms (FindLiveObjects: 0.212000 ms CreateObjectMapping: 0.078900 ms MarkObjects: 2.019200 ms  DeleteObjects: 0.023500 ms)

========================================================================
Received Prepare
Registering precompiled user dll's ...
Registered in 0.003601 seconds.
Begin MonoManager ReloadAssembly
Native extension for WindowsStandalone target not found
Native extension for WebGL target not found
Refreshing native plugins compatible for Editor in 0.62 ms, found 3 plugins.
Preloading 0 native plugins for Editor in 0.00 ms.
Mono: successfully reloaded assembly
- Completed reload, in  0.893 seconds
Platform modules already initialized, skipping
Refreshing native plugins compatible for Editor in 0.61 ms, found 3 plugins.
Preloading 0 native plugins for Editor in 0.00 ms.
Unloading 2091 Unused Serialized files (Serialized files now loaded: 0)
System memory in use before: 96.1 MB.
System memory in use after: 96.3 MB.

Unloading 16 unused Assets to reduce memory usage. Loaded Objects now: 2672.
Total: 2.365500 ms (FindLiveObjects: 0.205800 ms CreateObjectMapping: 0.104900 ms MarkObjects: 2.037400 ms  DeleteObjects: 0.016700 ms)

========================================================================
Received Prepare
Registering precompiled user dll's ...
Registered in 0.003673 seconds.
Begin MonoManager ReloadAssembly
Native extension for WindowsStandalone target not found
Native extension for WebGL target not found
Refreshing native plugins compatible for Editor in 0.45 ms, found 3 plugins.
Preloading 0 native plugins for Editor in 0.00 ms.
Mono: successfully reloaded assembly
- Completed reload, in  0.734 seconds
Platform modules already initialized, skipping
Refreshing native plugins compatible for Editor in 0.45 ms, found 3 plugins.
Preloading 0 native plugins for Editor in 0.00 ms.
Unloading 2091 Unused Serialized files (Serialized files now loaded: 0)
System memory in use before: 96.1 MB.
System memory in use after: 96.3 MB.

Unloading 16 unused Assets to reduce memory usage. Loaded Objects now: 2676.
Total: 2.183600 ms (FindLiveObjects: 0.206700 ms CreateObjectMapping: 0.075300 ms MarkObjects: 1.885800 ms  DeleteObjects: 0.015100 ms)

========================================================================
Received Prepare
Registering precompiled user dll's ...
Registered in 0.003414 seconds.
Begin MonoManager ReloadAssembly
Native extension for WindowsStandalone target not found
Native extension for WebGL target not found
Refreshing native plugins compatible for Editor in 0.46 ms, found 3 plugins.
Preloading 0 native plugins for Editor in 0.00 ms.
Mono: successfully reloaded assembly
- Completed reload, in  0.768 seconds
Platform modules already initialized, skipping
Refreshing native plugins compatible for Editor in 0.47 ms, found 3 plugins.
Preloading 0 native plugins for Editor in 0.00 ms.
Unloading 2091 Unused Serialized files (Serialized files now loaded: 0)
System memory in use before: 96.2 MB.
System memory in use after: 96.3 MB.

Unloading 16 unused Assets to reduce memory usage. Loaded Objects now: 2680.
Total: 2.259200 ms (FindLiveObjects: 0.216200 ms CreateObjectMapping: 0.091900 ms MarkObjects: 1.934900 ms  DeleteObjects: 0.015400 ms)

========================================================================
Received Prepare
Registering precompiled user dll's ...
Registered in 0.003724 seconds.
Begin MonoManager ReloadAssembly
Native extension for WindowsStandalone target not found
Native extension for WebGL target not found
Refreshing native plugins compatible for Editor in 0.47 ms, found 3 plugins.
Preloading 0 native plugins for Editor in 0.00 ms.
Mono: successfully reloaded assembly
- Completed reload, in  0.754 seconds
Platform modules already initialized, skipping
Refreshing native plugins compatible for Editor in 0.49 ms, found 3 plugins.
Preloading 0 native plugins for Editor in 0.00 ms.
Unloading 2091 Unused Serialized files (Serialized files now loaded: 0)
System memory in use before: 96.2 MB.
System memory in use after: 96.3 MB.

Unloading 16 unused Assets to reduce memory usage. Loaded Objects now: 2684.
Total: 1.995900 ms (FindLiveObjects: 0.209500 ms CreateObjectMapping: 0.047100 ms MarkObjects: 1.724300 ms  DeleteObjects: 0.014400 ms)

========================================================================
Received Prepare
Registering precompiled user dll's ...
Registered in 0.003959 seconds.
Begin MonoManager ReloadAssembly
Native extension for WindowsStandalone target not found
Native extension for WebGL target not found
Refreshing native plugins compatible for Editor in 0.47 ms, found 3 plugins.
Preloading 0 native plugins for Editor in 0.00 ms.
Mono: successfully reloaded assembly
- Completed reload, in  0.783 seconds
Platform modules already initialized, skipping
Refreshing native plugins compatible for Editor in 0.64 ms, found 3 plugins.
Preloading 0 native plugins for Editor in 0.00 ms.
Unloading 2091 Unused Serialized files (Serialized files now loaded: 0)
System memory in use before: 96.2 MB.
System memory in use after: 96.3 MB.

Unloading 16 unused Assets to reduce memory usage. Loaded Objects now: 2688.
Total: 2.016500 ms (FindLiveObjects: 0.217200 ms CreateObjectMapping: 0.055900 ms MarkObjects: 1.729200 ms  DeleteObjects: 0.013400 ms)

========================================================================
Received Prepare
Registering precompiled user dll's ...
Registered in 0.003781 seconds.
Begin MonoManager ReloadAssembly
Native extension for WindowsStandalone target not found
Native extension for WebGL target not found
Refreshing native plugins compatible for Editor in 0.48 ms, found 3 plugins.
Preloading 0 native plugins for Editor in 0.00 ms.
Mono: successfully reloaded assembly
- Completed reload, in  0.790 seconds
Platform modules already initialized, skipping
Refreshing native plugins compatible for Editor in 0.47 ms, found 3 plugins.
Preloading 0 native plugins for Editor in 0.00 ms.
Unloading 2091 Unused Serialized files (Serialized files now loaded: 0)
System memory in use before: 96.2 MB.
System memory in use after: 96.3 MB.

Unloading 16 unused Assets to reduce memory usage. Loaded Objects now: 2692.
Total: 2.183900 ms (FindLiveObjects: 0.213400 ms CreateObjectMapping: 0.072700 ms MarkObjects: 1.881200 ms  DeleteObjects: 0.015900 ms)

========================================================================
Received Prepare
Registering precompiled user dll's ...
Registered in 0.003586 seconds.
Begin MonoManager ReloadAssembly
Native extension for WindowsStandalone target not found
Native extension for WebGL target not found
Refreshing native plugins compatible for Editor in 0.46 ms, found 3 plugins.
Preloading 0 native plugins for Editor in 0.00 ms.
Mono: successfully reloaded assembly
- Completed reload, in  0.714 seconds
Platform modules already initialized, skipping
Refreshing native plugins compatible for Editor in 0.43 ms, found 3 plugins.
Preloading 0 native plugins for Editor in 0.00 ms.
Unloading 2091 Unused Serialized files (Serialized files now loaded: 0)
System memory in use before: 96.2 MB.
System memory in use after: 96.3 MB.

Unloading 16 unused Assets to reduce memory usage. Loaded Objects now: 2696.
Total: 1.835300 ms (FindLiveObjects: 0.165500 ms CreateObjectMapping: 0.043300 ms MarkObjects: 1.612500 ms  DeleteObjects: 0.013400 ms)

========================================================================
Received Prepare
Registering precompiled user dll's ...
Registered in 0.003684 seconds.
Begin MonoManager ReloadAssembly
Native extension for WindowsStandalone target not found
Native extension for WebGL target not found
Refreshing native plugins compatible for Editor in 0.48 ms, found 3 plugins.
Preloading 0 native plugins for Editor in 0.00 ms.
Mono: successfully reloaded assembly
- Completed reload, in  0.727 seconds
Platform modules already initialized, skipping
Refreshing native plugins compatible for Editor in 0.46 ms, found 3 plugins.
Preloading 0 native plugins for Editor in 0.00 ms.
Unloading 2091 Unused Serialized files (Serialized files now loaded: 0)
System memory in use before: 96.2 MB.
System memory in use after: 96.3 MB.

Unloading 16 unused Assets to reduce memory usage. Loaded Objects now: 2700.
Total: 1.996200 ms (FindLiveObjects: 0.209800 ms CreateObjectMapping: 0.052900 ms MarkObjects: 1.717600 ms  DeleteObjects: 0.015100 ms)

========================================================================
Received Prepare
Registering precompiled user dll's ...
Registered in 0.003604 seconds.
Begin MonoManager ReloadAssembly
Native extension for WindowsStandalone target not found
Native extension for WebGL target not found
Refreshing native plugins compatible for Editor in 0.46 ms, found 3 plugins.
Preloading 0 native plugins for Editor in 0.00 ms.
Mono: successfully reloaded assembly
- Completed reload, in  0.743 seconds
Platform modules already initialized, skipping
Refreshing native plugins compatible for Editor in 0.46 ms, found 3 plugins.
Preloading 0 native plugins for Editor in 0.00 ms.
Unloading 2091 Unused Serialized files (Serialized files now loaded: 0)
System memory in use before: 96.2 MB.
System memory in use after: 96.3 MB.

Unloading 16 unused Assets to reduce memory usage. Loaded Objects now: 2704.
Total: 1.970200 ms (FindLiveObjects: 0.213500 ms CreateObjectMapping: 0.052400 ms MarkObjects: 1.686400 ms  DeleteObjects: 0.017000 ms)

========================================================================
Received Prepare
Registering precompiled user dll's ...
Registered in 0.003605 seconds.
Begin MonoManager ReloadAssembly
Native extension for WindowsStandalone target not found
Native extension for WebGL target not found
Refreshing native plugins compatible for Editor in 0.50 ms, found 3 plugins.
Preloading 0 native plugins for Editor in 0.00 ms.
Mono: successfully reloaded assembly
- Completed reload, in  0.788 seconds
Platform modules already initialized, skipping
Refreshing native plugins compatible for Editor in 0.46 ms, found 3 plugins.
Preloading 0 native plugins for Editor in 0.00 ms.
Unloading 2091 Unused Serialized files (Serialized files now loaded: 0)
System memory in use before: 96.2 MB.
System memory in use after: 96.3 MB.

Unloading 16 unused Assets to reduce memory usage. Loaded Objects now: 2708.
Total: 2.056200 ms (FindLiveObjects: 0.216100 ms CreateObjectMapping: 0.081700 ms MarkObjects: 1.743200 ms  DeleteObjects: 0.014400 ms)

========================================================================
Received Prepare
Registering precompiled user dll's ...
Registered in 0.003538 seconds.
Begin MonoManager ReloadAssembly
Native extension for WindowsStandalone target not found
Native extension for WebGL target not found
Refreshing native plugins compatible for Editor in 0.47 ms, found 3 plugins.
Preloading 0 native plugins for Editor in 0.00 ms.
Mono: successfully reloaded assembly
- Completed reload, in  0.704 seconds
Platform modules already initialized, skipping
Refreshing native plugins compatible for Editor in 0.45 ms, found 3 plugins.
Preloading 0 native plugins for Editor in 0.00 ms.
Unloading 2091 Unused Serialized files (Serialized files now loaded: 0)
System memory in use before: 96.3 MB.
System memory in use after: 96.4 MB.

Unloading 16 unused Assets to reduce memory usage. Loaded Objects now: 2712.
Total: 1.952600 ms (FindLiveObjects: 0.196000 ms CreateObjectMapping: 0.079400 ms MarkObjects: 1.661900 ms  DeleteObjects: 0.014500 ms)

========================================================================
Received Prepare
Registering precompiled user dll's ...
Registered in 0.003676 seconds.
Begin MonoManager ReloadAssembly
Native extension for WindowsStandalone target not found
Native extension for WebGL target not found
Refreshing native plugins compatible for Editor in 0.47 ms, found 3 plugins.
Preloading 0 native plugins for Editor in 0.00 ms.
Mono: successfully reloaded assembly
- Completed reload, in  0.767 seconds
Platform modules already initialized, skipping
Refreshing native plugins compatible for Editor in 0.46 ms, found 3 plugins.
Preloading 0 native plugins for Editor in 0.00 ms.
Unloading 2091 Unused Serialized files (Serialized files now loaded: 0)
System memory in use before: 96.3 MB.
System memory in use after: 96.4 MB.

Unloading 16 unused Assets to reduce memory usage. Loaded Objects now: 2716.
Total: 2.263100 ms (FindLiveObjects: 0.224900 ms CreateObjectMapping: 0.086100 ms MarkObjects: 1.935200 ms  DeleteObjects: 0.015900 ms)

========================================================================
Received Import Request.
  Time since last request: 2314.106889 seconds.
  path: Assets/Script/LevelManager_BSP.cs
  artifactKey: Guid(ae7f653e6f814e4469270b28cdc212b8) Importer(815301076,1909f56bfc062723c751e8b465ee728b)
Start importing Assets/Script/LevelManager_BSP.cs using Guid(ae7f653e6f814e4469270b28cdc212b8) Importer(815301076,1909f56bfc062723c751e8b465ee728b)  -> (artifact id: 'ba631f3c6f9a955860c6fdda2f077ba2') in 0.009197 seconds
  Import took 0.012789 seconds .

========================================================================
Received Import Request.
  Time since last request: 1.524780 seconds.
  path: Assets/Prefab/enemy_greenslime.prefab
  artifactKey: Guid(24241a2a9dc052f4e9d379cb6303da69) Importer(815301076,1909f56bfc062723c751e8b465ee728b)
Start importing Assets/Prefab/enemy_greenslime.prefab using Guid(24241a2a9dc052f4e9d379cb6303da69) Importer(815301076,1909f56bfc062723c751e8b465ee728b)  -> (artifact id: '74ade829fd9378b9c27ea8b056699afc') in 0.061235 seconds
  Import took 0.064837 seconds .

========================================================================
Received Import Request.
  Time since last request: 3.118531 seconds.
  path: Assets/Prefab/enemy_bullet.prefab
  artifactKey: Guid(6363dc1867cf717458e0db31ddf8a47a) Importer(815301076,1909f56bfc062723c751e8b465ee728b)
Start importing Assets/Prefab/enemy_bullet.prefab using Guid(6363dc1867cf717458e0db31ddf8a47a) Importer(815301076,1909f56bfc062723c751e8b465ee728b)  -> (artifact id: '90eab1314d60626989c5e1f2d8a711f0') in 0.010693 seconds
  Import took 0.014235 seconds .

========================================================================
Received Import Request.
  Time since last request: 0.006110 seconds.
  path: Assets/Prefab/enemy_bullet.prefab
  artifactKey: Guid(6363dc1867cf717458e0db31ddf8a47a) Importer(815301076,1909f56bfc062723c751e8b465ee728b)
Start importing Assets/Prefab/enemy_bullet.prefab using Guid(6363dc1867cf717458e0db31ddf8a47a) Importer(815301076,1909f56bfc062723c751e8b465ee728b)  -> (artifact id: '90eab1314d60626989c5e1f2d8a711f0') in 0.009356 seconds
  Import took 0.012960 seconds .

========================================================================
Received Prepare
Registering precompiled user dll's ...
Registered in 0.004032 seconds.
Begin MonoManager ReloadAssembly
Native extension for WindowsStandalone target not found
Native extension for WebGL target not found
Refreshing native plugins compatible for Editor in 0.49 ms, found 3 plugins.
Preloading 0 native plugins for Editor in 0.00 ms.
Mono: successfully reloaded assembly
- Completed reload, in  0.775 seconds
Platform modules already initialized, skipping
Refreshing native plugins compatible for Editor in 0.46 ms, found 3 plugins.
Preloading 0 native plugins for Editor in 0.00 ms.
Unloading 2091 Unused Serialized files (Serialized files now loaded: 0)
System memory in use before: 96.3 MB.
System memory in use after: 96.6 MB.

Unloading 16 unused Assets to reduce memory usage. Loaded Objects now: 2721.
Total: 2.335000 ms (FindLiveObjects: 0.220600 ms CreateObjectMapping: 0.082900 ms MarkObjects: 2.015300 ms  DeleteObjects: 0.015300 ms)

========================================================================
Received Prepare
Registering precompiled user dll's ...
Registered in 0.003837 seconds.
Begin MonoManager ReloadAssembly
Native extension for WindowsStandalone target not found
Native extension for WebGL target not found
Refreshing native plugins compatible for Editor in 0.47 ms, found 3 plugins.
Preloading 0 native plugins for Editor in 0.00 ms.
Mono: successfully reloaded assembly
- Completed reload, in  0.796 seconds
Platform modules already initialized, skipping
Refreshing native plugins compatible for Editor in 0.48 ms, found 3 plugins.
Preloading 0 native plugins for Editor in 0.00 ms.
Unloading 2091 Unused Serialized files (Serialized files now loaded: 0)
System memory in use before: 96.3 MB.
System memory in use after: 96.6 MB.

Unloading 16 unused Assets to reduce memory usage. Loaded Objects now: 2725.
Total: 2.510200 ms (FindLiveObjects: 0.227300 ms CreateObjectMapping: 0.096300 ms MarkObjects: 2.169400 ms  DeleteObjects: 0.016300 ms)

========================================================================
Received Prepare
Registering precompiled user dll's ...
Registered in 0.003417 seconds.
Begin MonoManager ReloadAssembly
Native extension for WindowsStandalone target not found
Native extension for WebGL target not found
Refreshing native plugins compatible for Editor in 0.45 ms, found 3 plugins.
Preloading 0 native plugins for Editor in 0.00 ms.
Mono: successfully reloaded assembly
- Completed reload, in  0.778 seconds
Platform modules already initialized, skipping
Refreshing native plugins compatible for Editor in 0.48 ms, found 3 plugins.
Preloading 0 native plugins for Editor in 0.00 ms.
Unloading 2091 Unused Serialized files (Serialized files now loaded: 0)
System memory in use before: 96.4 MB.
System memory in use after: 96.6 MB.

Unloading 16 unused Assets to reduce memory usage. Loaded Objects now: 2729.
Total: 2.470600 ms (FindLiveObjects: 0.234700 ms CreateObjectMapping: 0.101100 ms MarkObjects: 2.116000 ms  DeleteObjects: 0.017900 ms)

========================================================================
Received Prepare
Registering precompiled user dll's ...
Registered in 0.004675 seconds.
Begin MonoManager ReloadAssembly
Native extension for WindowsStandalone target not found
Native extension for WebGL target not found
Refreshing native plugins compatible for Editor in 0.50 ms, found 3 plugins.
Preloading 0 native plugins for Editor in 0.00 ms.
Mono: successfully reloaded assembly
- Completed reload, in  0.869 seconds
Platform modules already initialized, skipping
Refreshing native plugins compatible for Editor in 0.53 ms, found 3 plugins.
Preloading 0 native plugins for Editor in 0.00 ms.
Unloading 2091 Unused Serialized files (Serialized files now loaded: 0)
System memory in use before: 96.4 MB.
System memory in use after: 96.6 MB.

Unloading 16 unused Assets to reduce memory usage. Loaded Objects now: 2733.
Total: 2.445100 ms (FindLiveObjects: 0.224300 ms CreateObjectMapping: 0.124300 ms MarkObjects: 2.079700 ms  DeleteObjects: 0.015700 ms)

========================================================================
Received Prepare
Registering precompiled user dll's ...
Registered in 0.003689 seconds.
Begin MonoManager ReloadAssembly
Native extension for WindowsStandalone target not found
Native extension for WebGL target not found
Refreshing native plugins compatible for Editor in 0.47 ms, found 3 plugins.
Preloading 0 native plugins for Editor in 0.00 ms.
Mono: successfully reloaded assembly
- Completed reload, in  0.785 seconds
Platform modules already initialized, skipping
Refreshing native plugins compatible for Editor in 0.45 ms, found 3 plugins.
Preloading 0 native plugins for Editor in 0.00 ms.
Unloading 2091 Unused Serialized files (Serialized files now loaded: 0)
System memory in use before: 96.4 MB.
System memory in use after: 96.6 MB.

Unloading 16 unused Assets to reduce memory usage. Loaded Objects now: 2737.
Total: 2.281900 ms (FindLiveObjects: 0.233500 ms CreateObjectMapping: 0.091600 ms MarkObjects: 1.940600 ms  DeleteObjects: 0.015400 ms)

========================================================================
Received Prepare
Registering precompiled user dll's ...
Registered in 0.003833 seconds.
Begin MonoManager ReloadAssembly
Native extension for WindowsStandalone target not found
Native extension for WebGL target not found
Refreshing native plugins compatible for Editor in 0.48 ms, found 3 plugins.
Preloading 0 native plugins for Editor in 0.00 ms.
Mono: successfully reloaded assembly
- Completed reload, in  0.770 seconds
Platform modules already initialized, skipping
Refreshing native plugins compatible for Editor in 0.46 ms, found 3 plugins.
Preloading 0 native plugins for Editor in 0.00 ms.
Unloading 2091 Unused Serialized files (Serialized files now loaded: 0)
System memory in use before: 96.4 MB.
System memory in use after: 96.6 MB.

Unloading 16 unused Assets to reduce memory usage. Loaded Objects now: 2741.
Total: 2.411900 ms (FindLiveObjects: 0.229700 ms CreateObjectMapping: 0.111100 ms MarkObjects: 2.054000 ms  DeleteObjects: 0.016400 ms)

========================================================================
Received Prepare
Registering precompiled user dll's ...
Registered in 0.004025 seconds.
Begin MonoManager ReloadAssembly
Native extension for WindowsStandalone target not found
Native extension for WebGL target not found
Refreshing native plugins compatible for Editor in 0.46 ms, found 3 plugins.
Preloading 0 native plugins for Editor in 0.00 ms.
Mono: successfully reloaded assembly
- Completed reload, in  0.780 seconds
Platform modules already initialized, skipping
Refreshing native plugins compatible for Editor in 0.47 ms, found 3 plugins.
Preloading 0 native plugins for Editor in 0.00 ms.
Unloading 2091 Unused Serialized files (Serialized files now loaded: 0)
System memory in use before: 96.4 MB.
System memory in use after: 96.6 MB.

Unloading 16 unused Assets to reduce memory usage. Loaded Objects now: 2745.
Total: 2.411800 ms (FindLiveObjects: 0.255500 ms CreateObjectMapping: 0.102400 ms MarkObjects: 2.036900 ms  DeleteObjects: 0.016200 ms)

========================================================================
Received Prepare
Registering precompiled user dll's ...
Registered in 0.003869 seconds.
Begin MonoManager ReloadAssembly
Native extension for WindowsStandalone target not found
Native extension for WebGL target not found
Refreshing native plugins compatible for Editor in 0.53 ms, found 3 plugins.
Preloading 0 native plugins for Editor in 0.00 ms.
Mono: successfully reloaded assembly
- Completed reload, in  0.768 seconds
Platform modules already initialized, skipping
Refreshing native plugins compatible for Editor in 0.48 ms, found 3 plugins.
Preloading 0 native plugins for Editor in 0.00 ms.
Unloading 2091 Unused Serialized files (Serialized files now loaded: 0)
System memory in use before: 96.4 MB.
System memory in use after: 96.6 MB.

Unloading 16 unused Assets to reduce memory usage. Loaded Objects now: 2749.
Total: 2.384900 ms (FindLiveObjects: 0.229700 ms CreateObjectMapping: 0.101200 ms MarkObjects: 2.037300 ms  DeleteObjects: 0.015800 ms)

========================================================================
Received Prepare
Registering precompiled user dll's ...
Registered in 0.003937 seconds.
Begin MonoManager ReloadAssembly
Native extension for WindowsStandalone target not found
Native extension for WebGL target not found
Refreshing native plugins compatible for Editor in 0.47 ms, found 3 plugins.
Preloading 0 native plugins for Editor in 0.00 ms.
Mono: successfully reloaded assembly
- Completed reload, in  0.726 seconds
Platform modules already initialized, skipping
Refreshing native plugins compatible for Editor in 0.48 ms, found 3 plugins.
Preloading 0 native plugins for Editor in 0.00 ms.
Unloading 2091 Unused Serialized files (Serialized files now loaded: 0)
System memory in use before: 96.4 MB.
System memory in use after: 96.6 MB.

Unloading 16 unused Assets to reduce memory usage. Loaded Objects now: 2753.
Total: 2.373900 ms (FindLiveObjects: 0.230400 ms CreateObjectMapping: 0.161800 ms MarkObjects: 1.960200 ms  DeleteObjects: 0.020700 ms)

========================================================================
Received Prepare
Registering precompiled user dll's ...
Registered in 0.003418 seconds.
Begin MonoManager ReloadAssembly
Native extension for WindowsStandalone target not found
Native extension for WebGL target not found
Refreshing native plugins compatible for Editor in 0.42 ms, found 3 plugins.
Preloading 0 native plugins for Editor in 0.00 ms.
Mono: successfully reloaded assembly
- Completed reload, in  0.760 seconds
Platform modules already initialized, skipping
Refreshing native plugins compatible for Editor in 0.48 ms, found 3 plugins.
Preloading 0 native plugins for Editor in 0.00 ms.
Unloading 2091 Unused Serialized files (Serialized files now loaded: 0)
System memory in use before: 96.4 MB.
System memory in use after: 96.6 MB.

Unloading 16 unused Assets to reduce memory usage. Loaded Objects now: 2757.
Total: 2.374400 ms (FindLiveObjects: 0.225800 ms CreateObjectMapping: 0.096000 ms MarkObjects: 2.030700 ms  DeleteObjects: 0.021000 ms)

========================================================================
Received Prepare
Registering precompiled user dll's ...
Registered in 0.003839 seconds.
Begin MonoManager ReloadAssembly
Native extension for WindowsStandalone target not found
Native extension for WebGL target not found
Refreshing native plugins compatible for Editor in 0.48 ms, found 3 plugins.
Preloading 0 native plugins for Editor in 0.00 ms.
Mono: successfully reloaded assembly
- Completed reload, in  0.801 seconds
Platform modules already initialized, skipping
Refreshing native plugins compatible for Editor in 0.47 ms, found 3 plugins.
Preloading 0 native plugins for Editor in 0.00 ms.
Unloading 2091 Unused Serialized files (Serialized files now loaded: 0)
System memory in use before: 96.4 MB.
System memory in use after: 96.6 MB.

Unloading 16 unused Assets to reduce memory usage. Loaded Objects now: 2761.
Total: 2.346500 ms (FindLiveObjects: 0.275600 ms CreateObjectMapping: 0.086000 ms MarkObjects: 1.968500 ms  DeleteObjects: 0.015500 ms)

========================================================================
Received Prepare
Registering precompiled user dll's ...
Registered in 0.003697 seconds.
Begin MonoManager ReloadAssembly
Native extension for WindowsStandalone target not found
Native extension for WebGL target not found
Refreshing native plugins compatible for Editor in 0.46 ms, found 3 plugins.
Preloading 0 native plugins for Editor in 0.00 ms.
Mono: successfully reloaded assembly
- Completed reload, in  0.731 seconds
Platform modules already initialized, skipping
Refreshing native plugins compatible for Editor in 0.45 ms, found 3 plugins.
Preloading 0 native plugins for Editor in 0.00 ms.
Unloading 2091 Unused Serialized files (Serialized files now loaded: 0)
System memory in use before: 96.4 MB.
System memory in use after: 96.7 MB.

Unloading 16 unused Assets to reduce memory usage. Loaded Objects now: 2765.
Total: 2.380500 ms (FindLiveObjects: 0.272600 ms CreateObjectMapping: 0.130000 ms MarkObjects: 1.958800 ms  DeleteObjects: 0.018200 ms)

========================================================================
Received Prepare
Registering precompiled user dll's ...
Registered in 0.004068 seconds.
Begin MonoManager ReloadAssembly
Native extension for WindowsStandalone target not found
Native extension for WebGL target not found
Refreshing native plugins compatible for Editor in 0.46 ms, found 3 plugins.
Preloading 0 native plugins for Editor in 0.00 ms.
Mono: successfully reloaded assembly
- Completed reload, in  0.720 seconds
Platform modules already initialized, skipping
Refreshing native plugins compatible for Editor in 0.44 ms, found 3 plugins.
Preloading 0 native plugins for Editor in 0.00 ms.
Unloading 2091 Unused Serialized files (Serialized files now loaded: 0)
System memory in use before: 96.4 MB.
System memory in use after: 96.7 MB.

Unloading 16 unused Assets to reduce memory usage. Loaded Objects now: 2769.
Total: 2.244700 ms (FindLiveObjects: 0.225100 ms CreateObjectMapping: 0.094600 ms MarkObjects: 1.908000 ms  DeleteObjects: 0.016300 ms)

========================================================================
Received Import Request.
  Time since last request: 1941.143872 seconds.
  path: Assets/Script/EnemyAI_Stat_V2.cs
  artifactKey: Guid(1e722b33d57d1e14e9cfc14e99bd4bd0) Importer(815301076,1909f56bfc062723c751e8b465ee728b)
Start importing Assets/Script/EnemyAI_Stat_V2.cs using Guid(1e722b33d57d1e14e9cfc14e99bd4bd0) Importer(815301076,1909f56bfc062723c751e8b465ee728b)  -> (artifact id: '22a599ac64b757195861f9abbe920581') in 0.005881 seconds
  Import took 0.009648 seconds .

========================================================================
Received Prepare
Registering precompiled user dll's ...
Registered in 0.140372 seconds.
Begin MonoManager ReloadAssembly
Native extension for WindowsStandalone target not found
Native extension for WebGL target not found
Refreshing native plugins compatible for Editor in 0.48 ms, found 3 plugins.
Preloading 0 native plugins for Editor in 0.00 ms.
Mono: successfully reloaded assembly
- Completed reload, in  0.843 seconds
Platform modules already initialized, skipping
Refreshing native plugins compatible for Editor in 0.51 ms, found 3 plugins.
Preloading 0 native plugins for Editor in 0.00 ms.
Unloading 2091 Unused Serialized files (Serialized files now loaded: 0)
System memory in use before: 96.5 MB.
System memory in use after: 96.7 MB.

Unloading 16 unused Assets to reduce memory usage. Loaded Objects now: 2773.
Total: 2.319800 ms (FindLiveObjects: 0.240500 ms CreateObjectMapping: 0.102800 ms MarkObjects: 1.956500 ms  DeleteObjects: 0.019100 ms)

========================================================================
Received Import Request.
  Time since last request: 1549.664836 seconds.
  path: Assets/Script/EnemyAI_Melee.cs
  artifactKey: Guid(ada743f85c3bd20428b72eb23ab0839f) Importer(815301076,1909f56bfc062723c751e8b465ee728b)
Start importing Assets/Script/EnemyAI_Melee.cs using Guid(ada743f85c3bd20428b72eb23ab0839f) Importer(815301076,1909f56bfc062723c751e8b465ee728b)  -> (artifact id: 'dfb5965feac9068bc591873aab28ad14') in 0.009064 seconds
  Import took 0.012263 seconds .

========================================================================
Received Prepare
Registering precompiled user dll's ...
Registered in 0.004067 seconds.
Begin MonoManager ReloadAssembly
Native extension for WindowsStandalone target not found
Native extension for WebGL target not found
Refreshing native plugins compatible for Editor in 0.47 ms, found 3 plugins.
Preloading 0 native plugins for Editor in 0.00 ms.
Mono: successfully reloaded assembly
- Completed reload, in  0.804 seconds
Platform modules already initialized, skipping
Refreshing native plugins compatible for Editor in 0.51 ms, found 3 plugins.
Preloading 0 native plugins for Editor in 0.00 ms.
Unloading 2091 Unused Serialized files (Serialized files now loaded: 0)
System memory in use before: 96.5 MB.
System memory in use after: 96.7 MB.

Unloading 16 unused Assets to reduce memory usage. Loaded Objects now: 2777.
Total: 2.657800 ms (FindLiveObjects: 0.230600 ms CreateObjectMapping: 0.098900 ms MarkObjects: 2.301900 ms  DeleteObjects: 0.025600 ms)

========================================================================
Received Import Request.
  Time since last request: 135.107610 seconds.
  path: Assets/Script/EnemyAI_Ranged_V2.cs
  artifactKey: Guid(e3a4a1064d8848a41aa52fe6651ea061) Importer(815301076,1909f56bfc062723c751e8b465ee728b)
Start importing Assets/Script/EnemyAI_Ranged_V2.cs using Guid(e3a4a1064d8848a41aa52fe6651ea061) Importer(815301076,1909f56bfc062723c751e8b465ee728b)  -> (artifact id: '5af37c6984f6b7d256037d342f56b9bf') in 0.009478 seconds
  Import took 0.013173 seconds .

========================================================================
Received Import Request.
  Time since last request: 0.000969 seconds.
  path: Assets/Script/EnemyAI_Ranged_V2.cs
  artifactKey: Guid(e3a4a1064d8848a41aa52fe6651ea061) Importer(815301076,1909f56bfc062723c751e8b465ee728b)
Start importing Assets/Script/EnemyAI_Ranged_V2.cs using Guid(e3a4a1064d8848a41aa52fe6651ea061) Importer(815301076,1909f56bfc062723c751e8b465ee728b)  -> (artifact id: '5af37c6984f6b7d256037d342f56b9bf') in 0.002362 seconds
  Import took 0.005399 seconds .

========================================================================
Received Import Request.
  Time since last request: 0.618768 seconds.
  path: Assets/Script/EnemyAI_Stat_V2.cs
  artifactKey: Guid(1e722b33d57d1e14e9cfc14e99bd4bd0) Importer(815301076,1909f56bfc062723c751e8b465ee728b)
Start importing Assets/Script/EnemyAI_Stat_V2.cs using Guid(1e722b33d57d1e14e9cfc14e99bd4bd0) Importer(815301076,1909f56bfc062723c751e8b465ee728b)  -> (artifact id: '1b68b3dba16eaca6767faa7d1d79ef43') in 0.006443 seconds
  Import took 0.009832 seconds .

========================================================================
Received Prepare
Registering precompiled user dll's ...
Registered in 0.003677 seconds.
Begin MonoManager ReloadAssembly
Native extension for WindowsStandalone target not found
Native extension for WebGL target not found
Refreshing native plugins compatible for Editor in 0.46 ms, found 3 plugins.
Preloading 0 native plugins for Editor in 0.00 ms.
Mono: successfully reloaded assembly
- Completed reload, in  0.777 seconds
Platform modules already initialized, skipping
Refreshing native plugins compatible for Editor in 0.46 ms, found 3 plugins.
Preloading 0 native plugins for Editor in 0.00 ms.
Unloading 2091 Unused Serialized files (Serialized files now loaded: 0)
System memory in use before: 96.5 MB.
System memory in use after: 96.7 MB.

Unloading 16 unused Assets to reduce memory usage. Loaded Objects now: 2781.
Total: 2.478800 ms (FindLiveObjects: 0.246500 ms CreateObjectMapping: 0.119900 ms MarkObjects: 2.092500 ms  DeleteObjects: 0.019100 ms)

========================================================================
Received Prepare
Registering precompiled user dll's ...
Registered in 0.003850 seconds.
Begin MonoManager ReloadAssembly
Native extension for WindowsStandalone target not found
Native extension for WebGL target not found
Refreshing native plugins compatible for Editor in 0.46 ms, found 3 plugins.
Preloading 0 native plugins for Editor in 0.00 ms.
Mono: successfully reloaded assembly
- Completed reload, in  0.802 seconds
Platform modules already initialized, skipping
Refreshing native plugins compatible for Editor in 0.46 ms, found 3 plugins.
Preloading 0 native plugins for Editor in 0.00 ms.
Unloading 2091 Unused Serialized files (Serialized files now loaded: 0)
System memory in use before: 96.5 MB.
System memory in use after: 96.7 MB.

Unloading 16 unused Assets to reduce memory usage. Loaded Objects now: 2785.
Total: 2.463100 ms (FindLiveObjects: 0.249800 ms CreateObjectMapping: 0.091200 ms MarkObjects: 2.106000 ms  DeleteObjects: 0.014900 ms)

========================================================================
Received Prepare
Registering precompiled user dll's ...
Registered in 0.003646 seconds.
Begin MonoManager ReloadAssembly
Native extension for WindowsStandalone target not found
Native extension for WebGL target not found
Refreshing native plugins compatible for Editor in 0.47 ms, found 3 plugins.
Preloading 0 native plugins for Editor in 0.00 ms.
Mono: successfully reloaded assembly
- Completed reload, in  0.786 seconds
Platform modules already initialized, skipping
Refreshing native plugins compatible for Editor in 0.48 ms, found 3 plugins.
Preloading 0 native plugins for Editor in 0.00 ms.
Unloading 2091 Unused Serialized files (Serialized files now loaded: 0)
System memory in use before: 96.5 MB.
System memory in use after: 96.7 MB.

Unloading 16 unused Assets to reduce memory usage. Loaded Objects now: 2789.
Total: 2.479700 ms (FindLiveObjects: 0.256100 ms CreateObjectMapping: 0.092500 ms MarkObjects: 2.106900 ms  DeleteObjects: 0.023100 ms)

========================================================================
Received Prepare
Registering precompiled user dll's ...
Registered in 0.003521 seconds.
Begin MonoManager ReloadAssembly
Native extension for WindowsStandalone target not found
Native extension for WebGL target not found
Refreshing native plugins compatible for Editor in 0.41 ms, found 3 plugins.
Preloading 0 native plugins for Editor in 0.00 ms.
Mono: successfully reloaded assembly
- Completed reload, in  0.744 seconds
Platform modules already initialized, skipping
Refreshing native plugins compatible for Editor in 0.47 ms, found 3 plugins.
Preloading 0 native plugins for Editor in 0.00 ms.
Unloading 2091 Unused Serialized files (Serialized files now loaded: 0)
System memory in use before: 96.5 MB.
System memory in use after: 96.7 MB.

Unloading 16 unused Assets to reduce memory usage. Loaded Objects now: 2793.
Total: 2.424800 ms (FindLiveObjects: 0.251900 ms CreateObjectMapping: 0.102700 ms MarkObjects: 2.051200 ms  DeleteObjects: 0.018100 ms)

========================================================================
Received Prepare
Registering precompiled user dll's ...
Registered in 0.003629 seconds.
Begin MonoManager ReloadAssembly
Native extension for WindowsStandalone target not found
Native extension for WebGL target not found
Refreshing native plugins compatible for Editor in 0.47 ms, found 3 plugins.
Preloading 0 native plugins for Editor in 0.00 ms.
Mono: successfully reloaded assembly
- Completed reload, in  0.755 seconds
Platform modules already initialized, skipping
Refreshing native plugins compatible for Editor in 0.48 ms, found 3 plugins.
Preloading 0 native plugins for Editor in 0.00 ms.
Unloading 2091 Unused Serialized files (Serialized files now loaded: 0)
System memory in use before: 96.5 MB.
System memory in use after: 96.7 MB.

Unloading 16 unused Assets to reduce memory usage. Loaded Objects now: 2797.
Total: 2.595600 ms (FindLiveObjects: 0.257300 ms CreateObjectMapping: 0.097500 ms MarkObjects: 2.145600 ms  DeleteObjects: 0.094400 ms)

========================================================================
Received Prepare
Registering precompiled user dll's ...
Registered in 0.003802 seconds.
Begin MonoManager ReloadAssembly
Native extension for WindowsStandalone target not found
Native extension for WebGL target not found
Refreshing native plugins compatible for Editor in 0.47 ms, found 3 plugins.
Preloading 0 native plugins for Editor in 0.00 ms.
Mono: successfully reloaded assembly
- Completed reload, in  0.755 seconds
Platform modules already initialized, skipping
Refreshing native plugins compatible for Editor in 0.47 ms, found 3 plugins.
Preloading 0 native plugins for Editor in 0.00 ms.
Unloading 2091 Unused Serialized files (Serialized files now loaded: 0)
System memory in use before: 96.5 MB.
System memory in use after: 96.7 MB.

Unloading 16 unused Assets to reduce memory usage. Loaded Objects now: 2801.
Total: 2.358400 ms (FindLiveObjects: 0.227800 ms CreateObjectMapping: 0.099600 ms MarkObjects: 1.988200 ms  DeleteObjects: 0.041700 ms)

========================================================================
Received Prepare
Registering precompiled user dll's ...
Registered in 0.003631 seconds.
Begin MonoManager ReloadAssembly
Native extension for WindowsStandalone target not found
Native extension for WebGL target not found
Refreshing native plugins compatible for Editor in 0.47 ms, found 3 plugins.
Preloading 0 native plugins for Editor in 0.00 ms.
Mono: successfully reloaded assembly
- Completed reload, in  0.731 seconds
Platform modules already initialized, skipping
Refreshing native plugins compatible for Editor in 0.46 ms, found 3 plugins.
Preloading 0 native plugins for Editor in 0.00 ms.
Unloading 2091 Unused Serialized files (Serialized files now loaded: 0)
System memory in use before: 96.5 MB.
System memory in use after: 96.7 MB.

Unloading 16 unused Assets to reduce memory usage. Loaded Objects now: 2805.
Total: 2.318500 ms (FindLiveObjects: 0.251800 ms CreateObjectMapping: 0.090300 ms MarkObjects: 1.956700 ms  DeleteObjects: 0.018300 ms)

========================================================================
Received Prepare
Registering precompiled user dll's ...
Registered in 0.003768 seconds.
Begin MonoManager ReloadAssembly
Native extension for WindowsStandalone target not found
Native extension for WebGL target not found
Refreshing native plugins compatible for Editor in 0.41 ms, found 3 plugins.
Preloading 0 native plugins for Editor in 0.00 ms.
Mono: successfully reloaded assembly
- Completed reload, in  0.752 seconds
Platform modules already initialized, skipping
Refreshing native plugins compatible for Editor in 0.47 ms, found 3 plugins.
Preloading 0 native plugins for Editor in 0.00 ms.
Unloading 2091 Unused Serialized files (Serialized files now loaded: 0)
System memory in use before: 96.5 MB.
System memory in use after: 96.8 MB.

Unloading 16 unused Assets to reduce memory usage. Loaded Objects now: 2809.
Total: 2.336400 ms (FindLiveObjects: 0.238400 ms CreateObjectMapping: 0.104100 ms MarkObjects: 1.977600 ms  DeleteObjects: 0.015500 ms)

========================================================================
Received Prepare
Registering precompiled user dll's ...
Registered in 0.003675 seconds.
Begin MonoManager ReloadAssembly
Native extension for WindowsStandalone target not found
Native extension for WebGL target not found
Refreshing native plugins compatible for Editor in 0.46 ms, found 3 plugins.
Preloading 0 native plugins for Editor in 0.00 ms.
Mono: successfully reloaded assembly
- Completed reload, in  0.743 seconds
Platform modules already initialized, skipping
Refreshing native plugins compatible for Editor in 0.46 ms, found 3 plugins.
Preloading 0 native plugins for Editor in 0.00 ms.
Unloading 2091 Unused Serialized files (Serialized files now loaded: 0)
System memory in use before: 96.5 MB.
System memory in use after: 96.8 MB.

Unloading 16 unused Assets to reduce memory usage. Loaded Objects now: 2813.
Total: 2.124200 ms (FindLiveObjects: 0.225500 ms CreateObjectMapping: 0.060500 ms MarkObjects: 1.817300 ms  DeleteObjects: 0.020000 ms)

========================================================================
Received Import Request.
  Time since last request: 2439.822759 seconds.
  path: Assets/Prefab/enemy_greenslime.prefab
  artifactKey: Guid(24241a2a9dc052f4e9d379cb6303da69) Importer(815301076,1909f56bfc062723c751e8b465ee728b)
Start importing Assets/Prefab/enemy_greenslime.prefab using Guid(24241a2a9dc052f4e9d379cb6303da69) Importer(815301076,1909f56bfc062723c751e8b465ee728b)  -> (artifact id: '8fd9d0b9171973987ffa89e9a65105df') in 0.129934 seconds
  Import took 0.133339 seconds .

========================================================================
Received Import Request.
  Time since last request: 9.931813 seconds.
  path: Assets/Prefab/chest.prefab
  artifactKey: Guid(38cf98f4e4603fe40b78432f20c31c74) Importer(815301076,1909f56bfc062723c751e8b465ee728b)
Start importing Assets/Prefab/chest.prefab using Guid(38cf98f4e4603fe40b78432f20c31c74) Importer(815301076,1909f56bfc062723c751e8b465ee728b)  -> (artifact id: '35211fe67c6897d3fcda1eae2a005d9d') in 0.040352 seconds
  Import took 0.043861 seconds .

========================================================================
Received Import Request.
  Time since last request: 1.597587 seconds.
  path: Assets/Prefab/chest.prefab
  artifactKey: Guid(38cf98f4e4603fe40b78432f20c31c74) Importer(815301076,1909f56bfc062723c751e8b465ee728b)
Start importing Assets/Prefab/chest.prefab using Guid(38cf98f4e4603fe40b78432f20c31c74) Importer(815301076,1909f56bfc062723c751e8b465ee728b)  -> (artifact id: '4bb54d1f452830a3bf2d52fe70adad31') in 0.008729 seconds
  Import took 0.012266 seconds .

========================================================================
Received Import Request.
  Time since last request: 0.009023 seconds.
  path: Assets/Prefab/chest.prefab
  artifactKey: Guid(38cf98f4e4603fe40b78432f20c31c74) Importer(815301076,1909f56bfc062723c751e8b465ee728b)
Start importing Assets/Prefab/chest.prefab using Guid(38cf98f4e4603fe40b78432f20c31c74) Importer(815301076,1909f56bfc062723c751e8b465ee728b)  -> (artifact id: '4bb54d1f452830a3bf2d52fe70adad31') in 0.012134 seconds
  Import took 0.015471 seconds .

========================================================================
Received Import Request.
  Time since last request: 741.994679 seconds.
  path: Assets/Script/Item_Equip.cs
  artifactKey: Guid(081dd5f2d5446e747849a95528ea145e) Importer(815301076,1909f56bfc062723c751e8b465ee728b)
Start importing Assets/Script/Item_Equip.cs using Guid(081dd5f2d5446e747849a95528ea145e) Importer(815301076,1909f56bfc062723c751e8b465ee728b)  -> (artifact id: 'fc025435e23022843c9dc58edad51441') in 0.006251 seconds
  Import took 0.010017 seconds .

========================================================================
Received Prepare
Registering precompiled user dll's ...
Registered in 0.003567 seconds.
Begin MonoManager ReloadAssembly
Native extension for WindowsStandalone target not found
Native extension for WebGL target not found
Refreshing native plugins compatible for Editor in 0.49 ms, found 3 plugins.
Preloading 0 native plugins for Editor in 0.00 ms.
Mono: successfully reloaded assembly
- Completed reload, in  0.818 seconds
Platform modules already initialized, skipping
Refreshing native plugins compatible for Editor in 0.47 ms, found 3 plugins.
Preloading 0 native plugins for Editor in 0.00 ms.
Unloading 2090 Unused Serialized files (Serialized files now loaded: 0)
System memory in use before: 96.5 MB.
System memory in use after: 96.8 MB.

Unloading 17 unused Assets to reduce memory usage. Loaded Objects now: 2817.
Total: 3.568000 ms (FindLiveObjects: 0.334700 ms CreateObjectMapping: 0.160200 ms MarkObjects: 3.043500 ms  DeleteObjects: 0.028300 ms)

========================================================================
Received Import Request.
  Time since last request: 6.520757 seconds.
  path: Assets/Script/Item.cs
  artifactKey: Guid(081dd5f2d5446e747849a95528ea145e) Importer(815301076,1909f56bfc062723c751e8b465ee728b)
Start importing Assets/Script/Item.cs using Guid(081dd5f2d5446e747849a95528ea145e) Importer(815301076,1909f56bfc062723c751e8b465ee728b)  -> (artifact id: '6ed4049e56f3667b04d5b8699e93b7a2') in 0.010808 seconds
  Import took 0.014989 seconds .

========================================================================
Received Prepare
Registering precompiled user dll's ...
Registered in 0.003665 seconds.
Begin MonoManager ReloadAssembly
Native extension for WindowsStandalone target not found
Native extension for WebGL target not found
Refreshing native plugins compatible for Editor in 0.52 ms, found 3 plugins.
Preloading 0 native plugins for Editor in 0.00 ms.
Mono: successfully reloaded assembly
- Completed reload, in  0.871 seconds
Platform modules already initialized, skipping
Refreshing native plugins compatible for Editor in 0.47 ms, found 3 plugins.
Preloading 0 native plugins for Editor in 0.00 ms.
Unloading 2090 Unused Serialized files (Serialized files now loaded: 0)
System memory in use before: 96.6 MB.
System memory in use after: 96.8 MB.

Unloading 16 unused Assets to reduce memory usage. Loaded Objects now: 2821.
Total: 2.799400 ms (FindLiveObjects: 0.245700 ms CreateObjectMapping: 0.116100 ms MarkObjects: 2.419800 ms  DeleteObjects: 0.016900 ms)

========================================================================
Received Import Request.
  Time since last request: 3.442362 seconds.
  path: Assets/Prefab/item_hpportion.prefab
  artifactKey: Guid(1e0d7dbde8b2a214b8b78a27d2d65713) Importer(815301076,1909f56bfc062723c751e8b465ee728b)
Start importing Assets/Prefab/item_hpportion.prefab using Guid(1e0d7dbde8b2a214b8b78a27d2d65713) Importer(815301076,1909f56bfc062723c751e8b465ee728b)  -> (artifact id: '7b747a62cb336946d6ee7e0768a79f12') in 0.048729 seconds
  Import took 0.052191 seconds .

========================================================================
Received Import Request.
  Time since last request: 0.000163 seconds.
  path: Assets/Prefab/item_dmgup.prefab
  artifactKey: Guid(752adef49736d6345abfc73378f82d59) Importer(815301076,1909f56bfc062723c751e8b465ee728b)
Start importing Assets/Prefab/item_dmgup.prefab using Guid(752adef49736d6345abfc73378f82d59) Importer(815301076,1909f56bfc062723c751e8b465ee728b)  -> (artifact id: 'd456b78675c3378a58a7ceced510f215') in 0.017535 seconds
  Import took 0.020987 seconds .

========================================================================
Received Import Request.
  Time since last request: 0.039148 seconds.
  path: Assets/Prefab/item_dmgup.prefab
  artifactKey: Guid(752adef49736d6345abfc73378f82d59) Importer(815301076,1909f56bfc062723c751e8b465ee728b)
Start importing Assets/Prefab/item_dmgup.prefab using Guid(752adef49736d6345abfc73378f82d59) Importer(815301076,1909f56bfc062723c751e8b465ee728b)  -> (artifact id: 'd456b78675c3378a58a7ceced510f215') in 0.009762 seconds
  Import took 0.013828 seconds .

========================================================================
Received Import Request.
  Time since last request: 11.498052 seconds.
  path: Assets/Prefab/item_hpportion.prefab
  artifactKey: Guid(1e0d7dbde8b2a214b8b78a27d2d65713) Importer(815301076,1909f56bfc062723c751e8b465ee728b)
Start importing Assets/Prefab/item_hpportion.prefab using Guid(1e0d7dbde8b2a214b8b78a27d2d65713) Importer(815301076,1909f56bfc062723c751e8b465ee728b)  -> (artifact id: 'be55f22afbad4a90141042c9b03b5d8c') in 0.017826 seconds
  Import took 0.021267 seconds .

========================================================================
Received Import Request.
  Time since last request: 13.200513 seconds.
  path: Assets/Prefab/item_hpportion.prefab
  artifactKey: Guid(1e0d7dbde8b2a214b8b78a27d2d65713) Importer(815301076,1909f56bfc062723c751e8b465ee728b)
Start importing Assets/Prefab/item_hpportion.prefab using Guid(1e0d7dbde8b2a214b8b78a27d2d65713) Importer(815301076,1909f56bfc062723c751e8b465ee728b)  -> (artifact id: 'a7d6c39461fe061d1dad86e073b271c5') in 0.011943 seconds
  Import took 0.015320 seconds .

========================================================================
Received Import Request.
  Time since last request: 6.961127 seconds.
  path: Assets/Prefab/item_dmgup.prefab
  artifactKey: Guid(752adef49736d6345abfc73378f82d59) Importer(815301076,1909f56bfc062723c751e8b465ee728b)
Start importing Assets/Prefab/item_dmgup.prefab using Guid(752adef49736d6345abfc73378f82d59) Importer(815301076,1909f56bfc062723c751e8b465ee728b)  -> (artifact id: '94c00727a3f4cf061e0f5ac140273c6d') in 0.011008 seconds
  Import took 0.015092 seconds .

========================================================================
Received Import Request.
  Time since last request: 0.012346 seconds.
  path: Assets/Prefab/item_dmgup.prefab
  artifactKey: Guid(752adef49736d6345abfc73378f82d59) Importer(815301076,1909f56bfc062723c751e8b465ee728b)
Start importing Assets/Prefab/item_dmgup.prefab using Guid(752adef49736d6345abfc73378f82d59) Importer(815301076,1909f56bfc062723c751e8b465ee728b)  -> (artifact id: '94c00727a3f4cf061e0f5ac140273c6d') in 0.012130 seconds
  Import took 0.016088 seconds .

========================================================================
Received Prepare
Registering precompiled user dll's ...
Registered in 0.004498 seconds.
Begin MonoManager ReloadAssembly
Native extension for WindowsStandalone target not found
Native extension for WebGL target not found
Refreshing native plugins compatible for Editor in 0.47 ms, found 3 plugins.
Preloading 0 native plugins for Editor in 0.00 ms.
Mono: successfully reloaded assembly
- Completed reload, in  0.824 seconds
Platform modules already initialized, skipping
Refreshing native plugins compatible for Editor in 0.47 ms, found 3 plugins.
Preloading 0 native plugins for Editor in 0.00 ms.
Unloading 2090 Unused Serialized files (Serialized files now loaded: 0)
System memory in use before: 96.5 MB.
System memory in use after: 96.8 MB.

Unloading 16 unused Assets to reduce memory usage. Loaded Objects now: 2826.
Total: 2.636600 ms (FindLiveObjects: 0.267200 ms CreateObjectMapping: 0.095900 ms MarkObjects: 2.253900 ms  DeleteObjects: 0.018100 ms)

========================================================================
Received Prepare
Registering precompiled user dll's ...
Registered in 0.003868 seconds.
Begin MonoManager ReloadAssembly
Native extension for WindowsStandalone target not found
Native extension for WebGL target not found
Refreshing native plugins compatible for Editor in 0.48 ms, found 3 plugins.
Preloading 0 native plugins for Editor in 0.00 ms.
Mono: successfully reloaded assembly
- Completed reload, in  0.796 seconds
Platform modules already initialized, skipping
Refreshing native plugins compatible for Editor in 0.47 ms, found 3 plugins.
Preloading 0 native plugins for Editor in 0.00 ms.
Unloading 2090 Unused Serialized files (Serialized files now loaded: 0)
System memory in use before: 96.6 MB.
System memory in use after: 96.8 MB.

Unloading 16 unused Assets to reduce memory usage. Loaded Objects now: 2830.
Total: 2.555200 ms (FindLiveObjects: 0.247500 ms CreateObjectMapping: 0.097000 ms MarkObjects: 2.193700 ms  DeleteObjects: 0.016000 ms)

========================================================================
Received Import Request.
  Time since last request: 338.900017 seconds.
  path: Assets/Prefab/PlayerChara.prefab
  artifactKey: Guid(970a55e10c15a7941928c608ea6de85c) Importer(815301076,1909f56bfc062723c751e8b465ee728b)
Start importing Assets/Prefab/PlayerChara.prefab using Guid(970a55e10c15a7941928c608ea6de85c) Importer(815301076,1909f56bfc062723c751e8b465ee728b)  -> (artifact id: '96ca381047f15bc7ddf2051cbfa9d737') in 0.112286 seconds
  Import took 0.115903 seconds .

========================================================================
Received Prepare
Registering precompiled user dll's ...
Registered in 0.003642 seconds.
Begin MonoManager ReloadAssembly
Native extension for WindowsStandalone target not found
Native extension for WebGL target not found
Refreshing native plugins compatible for Editor in 0.47 ms, found 3 plugins.
Preloading 0 native plugins for Editor in 0.00 ms.
Mono: successfully reloaded assembly
- Completed reload, in  0.774 seconds
Platform modules already initialized, skipping
Refreshing native plugins compatible for Editor in 0.47 ms, found 3 plugins.
Preloading 0 native plugins for Editor in 0.00 ms.
Unloading 2090 Unused Serialized files (Serialized files now loaded: 0)
System memory in use before: 96.6 MB.
System memory in use after: 96.8 MB.

Unloading 16 unused Assets to reduce memory usage. Loaded Objects now: 2835.
Total: 2.210200 ms (FindLiveObjects: 0.245200 ms CreateObjectMapping: 0.056000 ms MarkObjects: 1.892600 ms  DeleteObjects: 0.015500 ms)

========================================================================
Received Prepare
Registering precompiled user dll's ...
Registered in 0.005654 seconds.
Begin MonoManager ReloadAssembly
Native extension for WindowsStandalone target not found
Native extension for WebGL target not found
Refreshing native plugins compatible for Editor in 0.47 ms, found 3 plugins.
Preloading 0 native plugins for Editor in 0.00 ms.
Mono: successfully reloaded assembly
- Completed reload, in  0.965 seconds
Platform modules already initialized, skipping
Refreshing native plugins compatible for Editor in 0.48 ms, found 3 plugins.
Preloading 0 native plugins for Editor in 0.00 ms.
Unloading 2090 Unused Serialized files (Serialized files now loaded: 0)
System memory in use before: 96.6 MB.
System memory in use after: 96.8 MB.

Unloading 16 unused Assets to reduce memory usage. Loaded Objects now: 2839.
Total: 2.450800 ms (FindLiveObjects: 0.279200 ms CreateObjectMapping: 0.112900 ms MarkObjects: 2.042000 ms  DeleteObjects: 0.015700 ms)

========================================================================
Received Prepare
Registering precompiled user dll's ...
Registered in 0.004310 seconds.
Begin MonoManager ReloadAssembly
Native extension for WindowsStandalone target not found
Native extension for WebGL target not found
Refreshing native plugins compatible for Editor in 0.47 ms, found 3 plugins.
Preloading 0 native plugins for Editor in 0.00 ms.
Mono: successfully reloaded assembly
- Completed reload, in  0.787 seconds
Platform modules already initialized, skipping
Refreshing native plugins compatible for Editor in 0.48 ms, found 3 plugins.
Preloading 0 native plugins for Editor in 0.00 ms.
Unloading 2090 Unused Serialized files (Serialized files now loaded: 0)
System memory in use before: 96.6 MB.
System memory in use after: 96.8 MB.

Unloading 16 unused Assets to reduce memory usage. Loaded Objects now: 2843.
Total: 2.311200 ms (FindLiveObjects: 0.248400 ms CreateObjectMapping: 0.091700 ms MarkObjects: 1.955500 ms  DeleteObjects: 0.014800 ms)

========================================================================
Received Prepare
Registering precompiled user dll's ...
Registered in 0.003921 seconds.
Begin MonoManager ReloadAssembly
Native extension for WindowsStandalone target not found
Native extension for WebGL target not found
Refreshing native plugins compatible for Editor in 0.46 ms, found 3 plugins.
Preloading 0 native plugins for Editor in 0.00 ms.
Mono: successfully reloaded assembly
- Completed reload, in  0.759 seconds
Platform modules already initialized, skipping
Refreshing native plugins compatible for Editor in 0.45 ms, found 3 plugins.
Preloading 0 native plugins for Editor in 0.00 ms.
Unloading 2090 Unused Serialized files (Serialized files now loaded: 0)
System memory in use before: 96.6 MB.
System memory in use after: 96.8 MB.

Unloading 16 unused Assets to reduce memory usage. Loaded Objects now: 2847.
Total: 2.323300 ms (FindLiveObjects: 0.258800 ms CreateObjectMapping: 0.098900 ms MarkObjects: 1.950300 ms  DeleteObjects: 0.014500 ms)

========================================================================
Received Prepare
Registering precompiled user dll's ...
Registered in 0.003817 seconds.
Begin MonoManager ReloadAssembly
Native extension for WindowsStandalone target not found
Native extension for WebGL target not found
Refreshing native plugins compatible for Editor in 0.47 ms, found 3 plugins.
Preloading 0 native plugins for Editor in 0.00 ms.
Mono: successfully reloaded assembly
- Completed reload, in  0.752 seconds
Platform modules already initialized, skipping
Refreshing native plugins compatible for Editor in 0.45 ms, found 3 plugins.
Preloading 0 native plugins for Editor in 0.00 ms.
Unloading 2090 Unused Serialized files (Serialized files now loaded: 0)
System memory in use before: 96.6 MB.
System memory in use after: 96.8 MB.

Unloading 16 unused Assets to reduce memory usage. Loaded Objects now: 2851.
Total: 2.179100 ms (FindLiveObjects: 0.226800 ms CreateObjectMapping: 0.092100 ms MarkObjects: 1.844800 ms  DeleteObjects: 0.014600 ms)

========================================================================
Received Prepare
Registering precompiled user dll's ...
Registered in 0.003761 seconds.
Begin MonoManager ReloadAssembly
Native extension for WindowsStandalone target not found
Native extension for WebGL target not found
Refreshing native plugins compatible for Editor in 0.51 ms, found 3 plugins.
Preloading 0 native plugins for Editor in 0.00 ms.
Mono: successfully reloaded assembly
- Completed reload, in  0.788 seconds
Platform modules already initialized, skipping
Refreshing native plugins compatible for Editor in 0.55 ms, found 3 plugins.
Preloading 0 native plugins for Editor in 0.00 ms.
Unloading 2090 Unused Serialized files (Serialized files now loaded: 0)
System memory in use before: 96.6 MB.
System memory in use after: 96.8 MB.

Unloading 16 unused Assets to reduce memory usage. Loaded Objects now: 2855.
Total: 2.271300 ms (FindLiveObjects: 0.260000 ms CreateObjectMapping: 0.065700 ms MarkObjects: 1.928800 ms  DeleteObjects: 0.015700 ms)

========================================================================
Received Prepare
Registering precompiled user dll's ...
Registered in 0.003593 seconds.
Begin MonoManager ReloadAssembly
Native extension for WindowsStandalone target not found
Native extension for WebGL target not found
Refreshing native plugins compatible for Editor in 0.46 ms, found 3 plugins.
Preloading 0 native plugins for Editor in 0.00 ms.
Mono: successfully reloaded assembly
- Completed reload, in  0.759 seconds
Platform modules already initialized, skipping
Refreshing native plugins compatible for Editor in 0.46 ms, found 3 plugins.
Preloading 0 native plugins for Editor in 0.00 ms.
Unloading 2090 Unused Serialized files (Serialized files now loaded: 0)
System memory in use before: 96.6 MB.
System memory in use after: 96.8 MB.

Unloading 16 unused Assets to reduce memory usage. Loaded Objects now: 2859.
Total: 2.240500 ms (FindLiveObjects: 0.233400 ms CreateObjectMapping: 0.092600 ms MarkObjects: 1.899600 ms  DeleteObjects: 0.014100 ms)

========================================================================
Received Prepare
Registering precompiled user dll's ...
Registered in 0.003494 seconds.
Begin MonoManager ReloadAssembly
Native extension for WindowsStandalone target not found
Native extension for WebGL target not found
Refreshing native plugins compatible for Editor in 0.46 ms, found 3 plugins.
Preloading 0 native plugins for Editor in 0.00 ms.
Mono: successfully reloaded assembly
- Completed reload, in  0.754 seconds
Platform modules already initialized, skipping
Refreshing native plugins compatible for Editor in 0.46 ms, found 3 plugins.
Preloading 0 native plugins for Editor in 0.00 ms.
Unloading 2090 Unused Serialized files (Serialized files now loaded: 0)
System memory in use before: 96.6 MB.
System memory in use after: 96.9 MB.

Unloading 16 unused Assets to reduce memory usage. Loaded Objects now: 2863.
Total: 2.388000 ms (FindLiveObjects: 0.229300 ms CreateObjectMapping: 0.088200 ms MarkObjects: 2.054600 ms  DeleteObjects: 0.015100 ms)

========================================================================
Received Prepare
Registering precompiled user dll's ...
Registered in 0.003929 seconds.
Begin MonoManager ReloadAssembly
Native extension for WindowsStandalone target not found
Native extension for WebGL target not found
Refreshing native plugins compatible for Editor in 0.48 ms, found 3 plugins.
Preloading 0 native plugins for Editor in 0.00 ms.
Mono: successfully reloaded assembly
- Completed reload, in  0.785 seconds
Platform modules already initialized, skipping
Refreshing native plugins compatible for Editor in 0.56 ms, found 3 plugins.
Preloading 0 native plugins for Editor in 0.00 ms.
Unloading 2090 Unused Serialized files (Serialized files now loaded: 0)
System memory in use before: 96.6 MB.
System memory in use after: 96.9 MB.

Unloading 16 unused Assets to reduce memory usage. Loaded Objects now: 2867.
Total: 3.206000 ms (FindLiveObjects: 0.452100 ms CreateObjectMapping: 0.264200 ms MarkObjects: 2.468600 ms  DeleteObjects: 0.020200 ms)

========================================================================
Received Import Request.
  Time since last request: 609.165279 seconds.
  path: Assets/Prefab/PlayerChara.prefab
  artifactKey: Guid(970a55e10c15a7941928c608ea6de85c) Importer(815301076,1909f56bfc062723c751e8b465ee728b)
Start importing Assets/Prefab/PlayerChara.prefab using Guid(970a55e10c15a7941928c608ea6de85c) Importer(815301076,1909f56bfc062723c751e8b465ee728b)  -> (artifact id: 'd7255461d63ccdd6d82d90b657d59083') in 0.050371 seconds
  Import took 0.053984 seconds .

========================================================================
Received Import Request.
  Time since last request: 20.083180 seconds.
  path: Assets/Prefab/enemy_greenslime.prefab
  artifactKey: Guid(24241a2a9dc052f4e9d379cb6303da69) Importer(815301076,1909f56bfc062723c751e8b465ee728b)
Start importing Assets/Prefab/enemy_greenslime.prefab using Guid(24241a2a9dc052f4e9d379cb6303da69) Importer(815301076,1909f56bfc062723c751e8b465ee728b)  -> (artifact id: '2c4a3a8c531665809076f8ebb0d4902a') in 0.013672 seconds
  Import took 0.017262 seconds .

========================================================================
Received Import Request.
  Time since last request: 0.010850 seconds.
  path: Assets/Prefab/enemy_greenslime.prefab
  artifactKey: Guid(24241a2a9dc052f4e9d379cb6303da69) Importer(815301076,1909f56bfc062723c751e8b465ee728b)
Start importing Assets/Prefab/enemy_greenslime.prefab using Guid(24241a2a9dc052f4e9d379cb6303da69) Importer(815301076,1909f56bfc062723c751e8b465ee728b)  -> (artifact id: '2c4a3a8c531665809076f8ebb0d4902a') in 0.009665 seconds
  Import took 0.013702 seconds .

========================================================================
Received Import Request.
  Time since last request: 1.357929 seconds.
  path: Assets/Prefab/enemy_wingdemon.prefab
  artifactKey: Guid(61f77dbc39b75254782e931441a36272) Importer(815301076,1909f56bfc062723c751e8b465ee728b)
Start importing Assets/Prefab/enemy_wingdemon.prefab using Guid(61f77dbc39b75254782e931441a36272) Importer(815301076,1909f56bfc062723c751e8b465ee728b)  -> (artifact id: '216cdf0c3f67d1a0fcadde04b53a6674') in 0.035072 seconds
  Import took 0.038699 seconds .

========================================================================
Received Import Request.
  Time since last request: 0.012670 seconds.
  path: Assets/Prefab/enemy_wingdemon.prefab
  artifactKey: Guid(61f77dbc39b75254782e931441a36272) Importer(815301076,1909f56bfc062723c751e8b465ee728b)
Start importing Assets/Prefab/enemy_wingdemon.prefab using Guid(61f77dbc39b75254782e931441a36272) Importer(815301076,1909f56bfc062723c751e8b465ee728b)  -> (artifact id: '216cdf0c3f67d1a0fcadde04b53a6674') in 0.009613 seconds
  Import took 0.013397 seconds .

========================================================================
Received Prepare
Registering precompiled user dll's ...
Registered in 0.003983 seconds.
Begin MonoManager ReloadAssembly
Native extension for WindowsStandalone target not found
Native extension for WebGL target not found
Refreshing native plugins compatible for Editor in 0.46 ms, found 3 plugins.
Preloading 0 native plugins for Editor in 0.00 ms.
Mono: successfully reloaded assembly
- Completed reload, in  0.754 seconds
Platform modules already initialized, skipping
Refreshing native plugins compatible for Editor in 0.45 ms, found 3 plugins.
Preloading 0 native plugins for Editor in 0.00 ms.
Unloading 2090 Unused Serialized files (Serialized files now loaded: 0)
System memory in use before: 96.8 MB.
System memory in use after: 97.0 MB.

Unloading 16 unused Assets to reduce memory usage. Loaded Objects now: 2872.
Total: 2.405600 ms (FindLiveObjects: 0.234500 ms CreateObjectMapping: 0.083400 ms MarkObjects: 2.071700 ms  DeleteObjects: 0.015300 ms)

========================================================================
Received Import Request.
  Time since last request: 63.201732 seconds.
  path: Assets/Prefab/PlayerChara.prefab
  artifactKey: Guid(970a55e10c15a7941928c608ea6de85c) Importer(815301076,1909f56bfc062723c751e8b465ee728b)
Start importing Assets/Prefab/PlayerChara.prefab using Guid(970a55e10c15a7941928c608ea6de85c) Importer(815301076,1909f56bfc062723c751e8b465ee728b)  -> (artifact id: '61b07034f2d5fdb0497cc305495b136c') in 0.047071 seconds
  Import took 0.050757 seconds .

========================================================================
Received Import Request.
  Time since last request: 0.026395 seconds.
  path: Assets/Prefab/PlayerChara.prefab
  artifactKey: Guid(970a55e10c15a7941928c608ea6de85c) Importer(815301076,1909f56bfc062723c751e8b465ee728b)
Start importing Assets/Prefab/PlayerChara.prefab using Guid(970a55e10c15a7941928c608ea6de85c) Importer(815301076,1909f56bfc062723c751e8b465ee728b)  -> (artifact id: '61b07034f2d5fdb0497cc305495b136c') in 0.012171 seconds
  Import took 0.015786 seconds .

========================================================================
Received Prepare
Registering precompiled user dll's ...
Registered in 0.003909 seconds.
Begin MonoManager ReloadAssembly
Native extension for WindowsStandalone target not found
Native extension for WebGL target not found
Refreshing native plugins compatible for Editor in 0.45 ms, found 3 plugins.
Preloading 0 native plugins for Editor in 0.00 ms.
Mono: successfully reloaded assembly
- Completed reload, in  0.760 seconds
Platform modules already initialized, skipping
Refreshing native plugins compatible for Editor in 0.43 ms, found 3 plugins.
Preloading 0 native plugins for Editor in 0.00 ms.
Unloading 2090 Unused Serialized files (Serialized files now loaded: 0)
System memory in use before: 96.8 MB.
System memory in use after: 97.0 MB.

Unloading 16 unused Assets to reduce memory usage. Loaded Objects now: 2877.
Total: 2.074000 ms (FindLiveObjects: 0.250800 ms CreateObjectMapping: 0.071100 ms MarkObjects: 1.735500 ms  DeleteObjects: 0.015800 ms)

========================================================================
Received Prepare
Registering precompiled user dll's ...
Registered in 0.003508 seconds.
Begin MonoManager ReloadAssembly
Native extension for WindowsStandalone target not found
Native extension for WebGL target not found
Refreshing native plugins compatible for Editor in 0.46 ms, found 3 plugins.
Preloading 0 native plugins for Editor in 0.00 ms.
Mono: successfully reloaded assembly
- Completed reload, in  0.741 seconds
Platform modules already initialized, skipping
Refreshing native plugins compatible for Editor in 0.46 ms, found 3 plugins.
Preloading 0 native plugins for Editor in 0.00 ms.
Unloading 2090 Unused Serialized files (Serialized files now loaded: 0)
System memory in use before: 96.8 MB.
System memory in use after: 97.0 MB.

Unloading 16 unused Assets to reduce memory usage. Loaded Objects now: 2881.
Total: 2.355800 ms (FindLiveObjects: 0.223300 ms CreateObjectMapping: 0.084800 ms MarkObjects: 2.031700 ms  DeleteObjects: 0.015300 ms)

========================================================================
Received Prepare
Registering precompiled user dll's ...
Registered in 0.003960 seconds.
Begin MonoManager ReloadAssembly
Native extension for WindowsStandalone target not found
Native extension for WebGL target not found
Refreshing native plugins compatible for Editor in 0.46 ms, found 3 plugins.
Preloading 0 native plugins for Editor in 0.00 ms.
Mono: successfully reloaded assembly
- Completed reload, in  0.747 seconds
Platform modules already initialized, skipping
Refreshing native plugins compatible for Editor in 0.48 ms, found 3 plugins.
Preloading 0 native plugins for Editor in 0.00 ms.
Unloading 2090 Unused Serialized files (Serialized files now loaded: 0)
System memory in use before: 96.8 MB.
System memory in use after: 97.0 MB.

Unloading 16 unused Assets to reduce memory usage. Loaded Objects now: 2885.
Total: 2.028000 ms (FindLiveObjects: 0.219700 ms CreateObjectMapping: 0.060100 ms MarkObjects: 1.733700 ms  DeleteObjects: 0.013900 ms)

========================================================================
Received Import Request.
  Time since last request: 85.826942 seconds.
  path: Assets/Prefab/PlayerChara.prefab
  artifactKey: Guid(970a55e10c15a7941928c608ea6de85c) Importer(815301076,1909f56bfc062723c751e8b465ee728b)
Start importing Assets/Prefab/PlayerChara.prefab using Guid(970a55e10c15a7941928c608ea6de85c) Importer(815301076,1909f56bfc062723c751e8b465ee728b)  -> (artifact id: 'b6481b154debaf30336174e768c0078f') in 0.046102 seconds
  Import took 0.049844 seconds .

========================================================================
Received Import Request.
  Time since last request: 0.025438 seconds.
  path: Assets/Prefab/PlayerChara.prefab
  artifactKey: Guid(970a55e10c15a7941928c608ea6de85c) Importer(815301076,1909f56bfc062723c751e8b465ee728b)
Start importing Assets/Prefab/PlayerChara.prefab using Guid(970a55e10c15a7941928c608ea6de85c) Importer(815301076,1909f56bfc062723c751e8b465ee728b)  -> (artifact id: 'b6481b154debaf30336174e768c0078f') in 0.014267 seconds
  Import took 0.017844 seconds .

========================================================================
Received Import Request.
  Time since last request: 10.336538 seconds.
  path: Assets/Scenes/EnemyAITestScene.unity
  artifactKey: Guid(9ecec4ebd114cb34e9e8a62bf36fe315) Importer(815301076,1909f56bfc062723c751e8b465ee728b)
Start importing Assets/Scenes/EnemyAITestScene.unity using Guid(9ecec4ebd114cb34e9e8a62bf36fe315) Importer(815301076,1909f56bfc062723c751e8b465ee728b)  -> (artifact id: 'c81167b95842aac532d811845123b8fb') in 0.007115 seconds
  Import took 0.010485 seconds .

========================================================================
Received Prepare
Registering precompiled user dll's ...
Registered in 0.004639 seconds.
Begin MonoManager ReloadAssembly
Native extension for WindowsStandalone target not found
Native extension for WebGL target not found
Refreshing native plugins compatible for Editor in 0.47 ms, found 3 plugins.
Preloading 0 native plugins for Editor in 0.00 ms.
Mono: successfully reloaded assembly
- Completed reload, in  0.786 seconds
Platform modules already initialized, skipping
Refreshing native plugins compatible for Editor in 0.55 ms, found 3 plugins.
Preloading 0 native plugins for Editor in 0.00 ms.
Unloading 2090 Unused Serialized files (Serialized files now loaded: 0)
System memory in use before: 96.8 MB.
System memory in use after: 97.0 MB.

Unloading 16 unused Assets to reduce memory usage. Loaded Objects now: 2890.
Total: 2.403000 ms (FindLiveObjects: 0.261400 ms CreateObjectMapping: 0.106400 ms MarkObjects: 2.017900 ms  DeleteObjects: 0.015900 ms)

========================================================================
Received Import Request.
  Time since last request: 33.417190 seconds.
  path: Assets/Prefab/PlayerChara.prefab
  artifactKey: Guid(970a55e10c15a7941928c608ea6de85c) Importer(815301076,1909f56bfc062723c751e8b465ee728b)
Start importing Assets/Prefab/PlayerChara.prefab using Guid(970a55e10c15a7941928c608ea6de85c) Importer(815301076,1909f56bfc062723c751e8b465ee728b)  -> (artifact id: '43275ce2ee722372050b5a9a5eb40059') in 0.054425 seconds
  Import took 0.058435 seconds .

========================================================================
Received Import Request.
  Time since last request: 191.754200 seconds.
  path: Assets/Script/Player_Attack.cs
  artifactKey: Guid(42072fba0ec699b45ad391d168fde2f2) Importer(815301076,1909f56bfc062723c751e8b465ee728b)
Start importing Assets/Script/Player_Attack.cs using Guid(42072fba0ec699b45ad391d168fde2f2) Importer(815301076,1909f56bfc062723c751e8b465ee728b)  -> (artifact id: 'c27f0a87a7f61501e583aa1d1b2735ff') in 0.006531 seconds
  Import took 0.009818 seconds .

========================================================================
Received Import Request.
  Time since last request: 0.016680 seconds.
  path: Assets/Script/Player_Attack.cs
  artifactKey: Guid(42072fba0ec699b45ad391d168fde2f2) Importer(815301076,1909f56bfc062723c751e8b465ee728b)
Start importing Assets/Script/Player_Attack.cs using Guid(42072fba0ec699b45ad391d168fde2f2) Importer(815301076,1909f56bfc062723c751e8b465ee728b)  -> (artifact id: 'c27f0a87a7f61501e583aa1d1b2735ff') in 0.002155 seconds
  Import took 0.005201 seconds .

========================================================================
Received Prepare
Registering precompiled user dll's ...
Registered in 0.003921 seconds.
Begin MonoManager ReloadAssembly
Native extension for WindowsStandalone target not found
Native extension for WebGL target not found
Refreshing native plugins compatible for Editor in 0.47 ms, found 3 plugins.
Preloading 0 native plugins for Editor in 0.00 ms.
Mono: successfully reloaded assembly
- Completed reload, in  0.757 seconds
Platform modules already initialized, skipping
Refreshing native plugins compatible for Editor in 0.46 ms, found 3 plugins.
Preloading 0 native plugins for Editor in 0.00 ms.
Unloading 2090 Unused Serialized files (Serialized files now loaded: 0)
System memory in use before: 96.8 MB.
System memory in use after: 97.0 MB.

Unloading 16 unused Assets to reduce memory usage. Loaded Objects now: 2895.
Total: 2.357200 ms (FindLiveObjects: 0.224500 ms CreateObjectMapping: 0.070500 ms MarkObjects: 2.045100 ms  DeleteObjects: 0.016100 ms)

========================================================================
Received Import Request.
  Time since last request: 488.306835 seconds.
  path: Assets/Script/LevelManager_BSP.cs
  artifactKey: Guid(ae7f653e6f814e4469270b28cdc212b8) Importer(815301076,1909f56bfc062723c751e8b465ee728b)
Start importing Assets/Script/LevelManager_BSP.cs using Guid(ae7f653e6f814e4469270b28cdc212b8) Importer(815301076,1909f56bfc062723c751e8b465ee728b)  -> (artifact id: '8772a4edc6e8f8db047dc471a4734e3c') in 0.008299 seconds
  Import took 0.011308 seconds .

========================================================================
Received Prepare
Registering precompiled user dll's ...
Registered in 0.003784 seconds.
Begin MonoManager ReloadAssembly
Native extension for WindowsStandalone target not found
Native extension for WebGL target not found
Refreshing native plugins compatible for Editor in 0.49 ms, found 3 plugins.
Preloading 0 native plugins for Editor in 0.00 ms.
Mono: successfully reloaded assembly
- Completed reload, in  0.751 seconds
Platform modules already initialized, skipping
Refreshing native plugins compatible for Editor in 0.52 ms, found 3 plugins.
Preloading 0 native plugins for Editor in 0.00 ms.
Unloading 2090 Unused Serialized files (Serialized files now loaded: 0)
System memory in use before: 96.8 MB.
System memory in use after: 97.0 MB.

Unloading 16 unused Assets to reduce memory usage. Loaded Objects now: 2899.
Total: 2.975000 ms (FindLiveObjects: 0.266800 ms CreateObjectMapping: 0.110000 ms MarkObjects: 2.580000 ms  DeleteObjects: 0.017300 ms)

========================================================================
Received Prepare
Registering precompiled user dll's ...
Registered in 0.003465 seconds.
Begin MonoManager ReloadAssembly
Native extension for WindowsStandalone target not found
Native extension for WebGL target not found
Refreshing native plugins compatible for Editor in 0.42 ms, found 3 plugins.
Preloading 0 native plugins for Editor in 0.00 ms.
Mono: successfully reloaded assembly
- Completed reload, in  0.768 seconds
Platform modules already initialized, skipping
Refreshing native plugins compatible for Editor in 0.52 ms, found 3 plugins.
Preloading 0 native plugins for Editor in 0.00 ms.
Unloading 2090 Unused Serialized files (Serialized files now loaded: 0)
System memory in use before: 96.8 MB.
System memory in use after: 97.1 MB.

Unloading 16 unused Assets to reduce memory usage. Loaded Objects now: 2903.
Total: 2.506100 ms (FindLiveObjects: 0.321100 ms CreateObjectMapping: 0.097300 ms MarkObjects: 2.069300 ms  DeleteObjects: 0.017200 ms)

========================================================================
Received Prepare
Registering precompiled user dll's ...
Registered in 0.003830 seconds.
Begin MonoManager ReloadAssembly
Native extension for WindowsStandalone target not found
Native extension for WebGL target not found
Refreshing native plugins compatible for Editor in 0.46 ms, found 3 plugins.
Preloading 0 native plugins for Editor in 0.00 ms.
Mono: successfully reloaded assembly
- Completed reload, in  0.729 seconds
Platform modules already initialized, skipping
Refreshing native plugins compatible for Editor in 0.45 ms, found 3 plugins.
Preloading 0 native plugins for Editor in 0.00 ms.
Unloading 2090 Unused Serialized files (Serialized files now loaded: 0)
System memory in use before: 96.8 MB.
System memory in use after: 97.1 MB.

Unloading 16 unused Assets to reduce memory usage. Loaded Objects now: 2907.
Total: 2.281800 ms (FindLiveObjects: 0.252800 ms CreateObjectMapping: 0.089900 ms MarkObjects: 1.923400 ms  DeleteObjects: 0.014900 ms)

========================================================================
Received Prepare
Registering precompiled user dll's ...
Registered in 0.003515 seconds.
Begin MonoManager ReloadAssembly
Native extension for WindowsStandalone target not found
Native extension for WebGL target not found
Refreshing native plugins compatible for Editor in 0.41 ms, found 3 plugins.
Preloading 0 native plugins for Editor in 0.00 ms.
Mono: successfully reloaded assembly
- Completed reload, in  0.757 seconds
Platform modules already initialized, skipping
Refreshing native plugins compatible for Editor in 0.45 ms, found 3 plugins.
Preloading 0 native plugins for Editor in 0.00 ms.
Unloading 2090 Unused Serialized files (Serialized files now loaded: 0)
System memory in use before: 96.9 MB.
System memory in use after: 97.1 MB.

Unloading 16 unused Assets to reduce memory usage. Loaded Objects now: 2911.
Total: 2.455400 ms (FindLiveObjects: 0.274700 ms CreateObjectMapping: 0.117200 ms MarkObjects: 2.045400 ms  DeleteObjects: 0.017100 ms)

========================================================================
Received Prepare
Registering precompiled user dll's ...
Registered in 0.003683 seconds.
Begin MonoManager ReloadAssembly
Native extension for WindowsStandalone target not found
Native extension for WebGL target not found
Refreshing native plugins compatible for Editor in 0.47 ms, found 3 plugins.
Preloading 0 native plugins for Editor in 0.00 ms.
Mono: successfully reloaded assembly
- Completed reload, in  0.763 seconds
Platform modules already initialized, skipping
Refreshing native plugins compatible for Editor in 0.48 ms, found 3 plugins.
Preloading 0 native plugins for Editor in 0.00 ms.
Unloading 2090 Unused Serialized files (Serialized files now loaded: 0)
System memory in use before: 96.9 MB.
System memory in use after: 97.1 MB.

Unloading 16 unused Assets to reduce memory usage. Loaded Objects now: 2915.
Total: 2.388900 ms (FindLiveObjects: 0.260600 ms CreateObjectMapping: 0.093100 ms MarkObjects: 2.015100 ms  DeleteObjects: 0.019200 ms)

========================================================================
Received Prepare
Registering precompiled user dll's ...
Registered in 0.003577 seconds.
Begin MonoManager ReloadAssembly
Native extension for WindowsStandalone target not found
Native extension for WebGL target not found
Refreshing native plugins compatible for Editor in 0.42 ms, found 3 plugins.
Preloading 0 native plugins for Editor in 0.00 ms.
Mono: successfully reloaded assembly
- Completed reload, in  0.757 seconds
Platform modules already initialized, skipping
Refreshing native plugins compatible for Editor in 0.46 ms, found 3 plugins.
Preloading 0 native plugins for Editor in 0.00 ms.
Unloading 2090 Unused Serialized files (Serialized files now loaded: 0)
System memory in use before: 96.9 MB.
System memory in use after: 97.1 MB.

Unloading 16 unused Assets to reduce memory usage. Loaded Objects now: 2919.
Total: 2.081500 ms (FindLiveObjects: 0.243100 ms CreateObjectMapping: 0.064500 ms MarkObjects: 1.757100 ms  DeleteObjects: 0.016100 ms)

========================================================================
Received Prepare
Registering precompiled user dll's ...
Registered in 0.003769 seconds.
Begin MonoManager ReloadAssembly
Native extension for WindowsStandalone target not found
Native extension for WebGL target not found
Refreshing native plugins compatible for Editor in 0.46 ms, found 3 plugins.
Preloading 0 native plugins for Editor in 0.00 ms.
Mono: successfully reloaded assembly
- Completed reload, in  0.765 seconds
Platform modules already initialized, skipping
Refreshing native plugins compatible for Editor in 0.48 ms, found 3 plugins.
Preloading 0 native plugins for Editor in 0.00 ms.
Unloading 2090 Unused Serialized files (Serialized files now loaded: 0)
System memory in use before: 96.9 MB.
System memory in use after: 97.1 MB.

Unloading 16 unused Assets to reduce memory usage. Loaded Objects now: 2923.
Total: 2.461200 ms (FindLiveObjects: 0.263700 ms CreateObjectMapping: 0.094800 ms MarkObjects: 2.085200 ms  DeleteObjects: 0.016700 ms)

========================================================================
Received Prepare
Registering precompiled user dll's ...
Registered in 0.003832 seconds.
Begin MonoManager ReloadAssembly
Native extension for WindowsStandalone target not found
Native extension for WebGL target not found
Refreshing native plugins compatible for Editor in 0.46 ms, found 3 plugins.
Preloading 0 native plugins for Editor in 0.00 ms.
Mono: successfully reloaded assembly
- Completed reload, in  0.770 seconds
Platform modules already initialized, skipping
Refreshing native plugins compatible for Editor in 0.46 ms, found 3 plugins.
Preloading 0 native plugins for Editor in 0.00 ms.
Unloading 2090 Unused Serialized files (Serialized files now loaded: 0)
System memory in use before: 96.9 MB.
System memory in use after: 97.1 MB.

Unloading 16 unused Assets to reduce memory usage. Loaded Objects now: 2927.
Total: 2.526500 ms (FindLiveObjects: 0.238400 ms CreateObjectMapping: 0.103800 ms MarkObjects: 2.168000 ms  DeleteObjects: 0.015600 ms)

========================================================================
Received Prepare
Registering precompiled user dll's ...
Registered in 0.003701 seconds.
Begin MonoManager ReloadAssembly
Native extension for WindowsStandalone target not found
Native extension for WebGL target not found
Refreshing native plugins compatible for Editor in 0.46 ms, found 3 plugins.
Preloading 0 native plugins for Editor in 0.00 ms.
Mono: successfully reloaded assembly
- Completed reload, in  0.764 seconds
Platform modules already initialized, skipping
Refreshing native plugins compatible for Editor in 0.49 ms, found 3 plugins.
Preloading 0 native plugins for Editor in 0.00 ms.
Unloading 2090 Unused Serialized files (Serialized files now loaded: 0)
System memory in use before: 96.9 MB.
System memory in use after: 97.1 MB.

Unloading 16 unused Assets to reduce memory usage. Loaded Objects now: 2931.
Total: 2.446100 ms (FindLiveObjects: 0.264800 ms CreateObjectMapping: 0.122900 ms MarkObjects: 2.041400 ms  DeleteObjects: 0.016300 ms)

========================================================================
Received Prepare
Registering precompiled user dll's ...
Registered in 0.003495 seconds.
Begin MonoManager ReloadAssembly
Native extension for WindowsStandalone target not found
Native extension for WebGL target not found
Refreshing native plugins compatible for Editor in 0.41 ms, found 3 plugins.
Preloading 0 native plugins for Editor in 0.00 ms.
Mono: successfully reloaded assembly
- Completed reload, in  0.755 seconds
Platform modules already initialized, skipping
Refreshing native plugins compatible for Editor in 0.46 ms, found 3 plugins.
Preloading 0 native plugins for Editor in 0.00 ms.
Unloading 2090 Unused Serialized files (Serialized files now loaded: 0)
System memory in use before: 96.9 MB.
System memory in use after: 97.1 MB.

Unloading 16 unused Assets to reduce memory usage. Loaded Objects now: 2935.
Total: 2.438200 ms (FindLiveObjects: 0.247400 ms CreateObjectMapping: 0.101700 ms MarkObjects: 2.070300 ms  DeleteObjects: 0.017800 ms)

========================================================================
Received Prepare
Registering precompiled user dll's ...
Registered in 0.003816 seconds.
Begin MonoManager ReloadAssembly
Native extension for WindowsStandalone target not found
Native extension for WebGL target not found
Refreshing native plugins compatible for Editor in 0.46 ms, found 3 plugins.
Preloading 0 native plugins for Editor in 0.00 ms.
Mono: successfully reloaded assembly
- Completed reload, in  0.715 seconds
Platform modules already initialized, skipping
Refreshing native plugins compatible for Editor in 0.46 ms, found 3 plugins.
Preloading 0 native plugins for Editor in 0.00 ms.
Unloading 2090 Unused Serialized files (Serialized files now loaded: 0)
System memory in use before: 96.9 MB.
System memory in use after: 97.1 MB.

Unloading 16 unused Assets to reduce memory usage. Loaded Objects now: 2939.
Total: 2.394100 ms (FindLiveObjects: 0.243900 ms CreateObjectMapping: 0.078600 ms MarkObjects: 2.057300 ms  DeleteObjects: 0.013700 ms)

========================================================================
Received Prepare
Registering precompiled user dll's ...
Registered in 0.004286 seconds.
Begin MonoManager ReloadAssembly
Native extension for WindowsStandalone target not found
Native extension for WebGL target not found
Refreshing native plugins compatible for Editor in 0.47 ms, found 3 plugins.
Preloading 0 native plugins for Editor in 0.00 ms.
Mono: successfully reloaded assembly
- Completed reload, in  0.847 seconds
Platform modules already initialized, skipping
Refreshing native plugins compatible for Editor in 0.47 ms, found 3 plugins.
Preloading 0 native plugins for Editor in 0.00 ms.
Unloading 2090 Unused Serialized files (Serialized files now loaded: 0)
System memory in use before: 96.9 MB.
System memory in use after: 97.1 MB.

Unloading 16 unused Assets to reduce memory usage. Loaded Objects now: 2943.
Total: 2.364400 ms (FindLiveObjects: 0.271300 ms CreateObjectMapping: 0.088100 ms MarkObjects: 1.973500 ms  DeleteObjects: 0.030600 ms)

========================================================================
Received Prepare
Registering precompiled user dll's ...
Registered in 0.003999 seconds.
Begin MonoManager ReloadAssembly
Native extension for WindowsStandalone target not found
Native extension for WebGL target not found
Refreshing native plugins compatible for Editor in 0.47 ms, found 3 plugins.
Preloading 0 native plugins for Editor in 0.00 ms.
Mono: successfully reloaded assembly
- Completed reload, in  0.798 seconds
Platform modules already initialized, skipping
Refreshing native plugins compatible for Editor in 0.52 ms, found 3 plugins.
Preloading 0 native plugins for Editor in 0.00 ms.
Unloading 2090 Unused Serialized files (Serialized files now loaded: 0)
System memory in use before: 96.9 MB.
System memory in use after: 97.1 MB.

Unloading 16 unused Assets to reduce memory usage. Loaded Objects now: 2947.
Total: 2.503500 ms (FindLiveObjects: 0.273000 ms CreateObjectMapping: 0.099900 ms MarkObjects: 2.082100 ms  DeleteObjects: 0.047200 ms)

========================================================================
Received Prepare
Registering precompiled user dll's ...
Registered in 0.003452 seconds.
Begin MonoManager ReloadAssembly
Native extension for WindowsStandalone target not found
Native extension for WebGL target not found
Refreshing native plugins compatible for Editor in 0.48 ms, found 3 plugins.
Preloading 0 native plugins for Editor in 0.00 ms.
Mono: successfully reloaded assembly
- Completed reload, in  0.761 seconds
Platform modules already initialized, skipping
Refreshing native plugins compatible for Editor in 0.47 ms, found 3 plugins.
Preloading 0 native plugins for Editor in 0.00 ms.
Unloading 2090 Unused Serialized files (Serialized files now loaded: 0)
System memory in use before: 96.9 MB.
System memory in use after: 97.2 MB.

Unloading 16 unused Assets to reduce memory usage. Loaded Objects now: 2951.
Total: 2.265600 ms (FindLiveObjects: 0.239000 ms CreateObjectMapping: 0.080800 ms MarkObjects: 1.929800 ms  DeleteObjects: 0.015200 ms)

========================================================================
Received Prepare
Registering precompiled user dll's ...
Registered in 0.003456 seconds.
Begin MonoManager ReloadAssembly
Native extension for WindowsStandalone target not found
Native extension for WebGL target not found
Refreshing native plugins compatible for Editor in 0.46 ms, found 3 plugins.
Preloading 0 native plugins for Editor in 0.00 ms.
Mono: successfully reloaded assembly
- Completed reload, in  0.736 seconds
Platform modules already initialized, skipping
Refreshing native plugins compatible for Editor in 0.46 ms, found 3 plugins.
Preloading 0 native plugins for Editor in 0.00 ms.
Unloading 2090 Unused Serialized files (Serialized files now loaded: 0)
System memory in use before: 96.9 MB.
System memory in use after: 97.2 MB.

Unloading 16 unused Assets to reduce memory usage. Loaded Objects now: 2955.
Total: 2.282100 ms (FindLiveObjects: 0.246600 ms CreateObjectMapping: 0.063900 ms MarkObjects: 1.925500 ms  DeleteObjects: 0.045000 ms)

========================================================================
Received Import Request.
  Time since last request: 4521.203579 seconds.
  path: ProjectSettings/TagManager.asset
  artifactKey: Guid(00000000000000003000000000000000) Importer(815301076,1909f56bfc062723c751e8b465ee728b)
Start importing ProjectSettings/TagManager.asset using Guid(00000000000000003000000000000000) Importer(815301076,1909f56bfc062723c751e8b465ee728b)  -> (artifact id: '4a527186309788f231e49ebf35bc1253') in 0.061102 seconds
  Import took 0.064663 seconds .

========================================================================
Received Prepare
Registering precompiled user dll's ...
Registered in 0.003724 seconds.
Begin MonoManager ReloadAssembly
Native extension for WindowsStandalone target not found
Native extension for WebGL target not found
Refreshing native plugins compatible for Editor in 0.47 ms, found 3 plugins.
Preloading 0 native plugins for Editor in 0.00 ms.
Mono: successfully reloaded assembly
- Completed reload, in  0.739 seconds
Platform modules already initialized, skipping
Refreshing native plugins compatible for Editor in 0.45 ms, found 3 plugins.
Preloading 0 native plugins for Editor in 0.00 ms.
Unloading 2090 Unused Serialized files (Serialized files now loaded: 0)
System memory in use before: 97.0 MB.
System memory in use after: 97.2 MB.

Unloading 17 unused Assets to reduce memory usage. Loaded Objects now: 2959.
Total: 2.461000 ms (FindLiveObjects: 0.274100 ms CreateObjectMapping: 0.092600 ms MarkObjects: 2.075100 ms  DeleteObjects: 0.018400 ms)

========================================================================
Received Import Request.
  Time since last request: 10.407530 seconds.
  path: Assets/Prefab/BlackWall.prefab
  artifactKey: Guid(d7baa403ee2147b498424626421f6f8d) Importer(815301076,1909f56bfc062723c751e8b465ee728b)
Start importing Assets/Prefab/BlackWall.prefab using Guid(d7baa403ee2147b498424626421f6f8d) Importer(815301076,1909f56bfc062723c751e8b465ee728b)  -> (artifact id: '693bd2ab231602d5d17e66359fada673') in 0.050945 seconds
  Import took 0.054240 seconds .

========================================================================
Received Prepare
Registering precompiled user dll's ...
Registered in 0.003679 seconds.
Begin MonoManager ReloadAssembly
Native extension for WindowsStandalone target not found
Native extension for WebGL target not found
Refreshing native plugins compatible for Editor in 0.52 ms, found 3 plugins.
Preloading 0 native plugins for Editor in 0.00 ms.
Mono: successfully reloaded assembly
- Completed reload, in  0.823 seconds
Platform modules already initialized, skipping
Refreshing native plugins compatible for Editor in 0.46 ms, found 3 plugins.
Preloading 0 native plugins for Editor in 0.00 ms.
Unloading 2090 Unused Serialized files (Serialized files now loaded: 0)
System memory in use before: 97.0 MB.
System memory in use after: 97.2 MB.

Unloading 16 unused Assets to reduce memory usage. Loaded Objects now: 2964.
Total: 2.566800 ms (FindLiveObjects: 0.282000 ms CreateObjectMapping: 0.116900 ms MarkObjects: 2.148000 ms  DeleteObjects: 0.018900 ms)

========================================================================
Received Prepare
Registering precompiled user dll's ...
Registered in 0.003686 seconds.
Begin MonoManager ReloadAssembly
Native extension for WindowsStandalone target not found
Native extension for WebGL target not found
Refreshing native plugins compatible for Editor in 0.53 ms, found 3 plugins.
Preloading 0 native plugins for Editor in 0.00 ms.
Mono: successfully reloaded assembly
- Completed reload, in  0.766 seconds
Platform modules already initialized, skipping
Refreshing native plugins compatible for Editor in 0.46 ms, found 3 plugins.
Preloading 0 native plugins for Editor in 0.00 ms.
Unloading 2090 Unused Serialized files (Serialized files now loaded: 0)
System memory in use before: 97.0 MB.
System memory in use after: 97.2 MB.

Unloading 16 unused Assets to reduce memory usage. Loaded Objects now: 2968.
Total: 2.427100 ms (FindLiveObjects: 0.275300 ms CreateObjectMapping: 0.107200 ms MarkObjects: 2.024400 ms  DeleteObjects: 0.019500 ms)

========================================================================
Received Prepare
Registering precompiled user dll's ...
Registered in 0.004032 seconds.
Begin MonoManager ReloadAssembly
Native extension for WindowsStandalone target not found
Native extension for WebGL target not found
Refreshing native plugins compatible for Editor in 0.49 ms, found 3 plugins.
Preloading 0 native plugins for Editor in 0.00 ms.
Mono: successfully reloaded assembly
- Completed reload, in  0.735 seconds
Platform modules already initialized, skipping
Refreshing native plugins compatible for Editor in 0.46 ms, found 3 plugins.
Preloading 0 native plugins for Editor in 0.00 ms.
Unloading 2090 Unused Serialized files (Serialized files now loaded: 0)
System memory in use before: 97.0 MB.
System memory in use after: 97.2 MB.

Unloading 16 unused Assets to reduce memory usage. Loaded Objects now: 2972.
Total: 2.103100 ms (FindLiveObjects: 0.264600 ms CreateObjectMapping: 0.058900 ms MarkObjects: 1.761900 ms  DeleteObjects: 0.016900 ms)

========================================================================
Received Prepare
Registering precompiled user dll's ...
Registered in 0.004366 seconds.
Begin MonoManager ReloadAssembly
Native extension for WindowsStandalone target not found
Native extension for WebGL target not found
Refreshing native plugins compatible for Editor in 0.46 ms, found 3 plugins.
Preloading 0 native plugins for Editor in 0.00 ms.
Mono: successfully reloaded assembly
- Completed reload, in  0.739 seconds
Platform modules already initialized, skipping
Refreshing native plugins compatible for Editor in 0.47 ms, found 3 plugins.
Preloading 0 native plugins for Editor in 0.00 ms.
Unloading 2090 Unused Serialized files (Serialized files now loaded: 0)
System memory in use before: 97.0 MB.
System memory in use after: 97.2 MB.

Unloading 16 unused Assets to reduce memory usage. Loaded Objects now: 2976.
Total: 2.360700 ms (FindLiveObjects: 0.248900 ms CreateObjectMapping: 0.094300 ms MarkObjects: 1.977400 ms  DeleteObjects: 0.039400 ms)

========================================================================
Received Prepare
Registering precompiled user dll's ...
Registered in 0.003869 seconds.
Begin MonoManager ReloadAssembly
Native extension for WindowsStandalone target not found
Native extension for WebGL target not found
Refreshing native plugins compatible for Editor in 0.46 ms, found 3 plugins.
Preloading 0 native plugins for Editor in 0.00 ms.
Mono: successfully reloaded assembly
- Completed reload, in  0.786 seconds
Platform modules already initialized, skipping
Refreshing native plugins compatible for Editor in 0.46 ms, found 3 plugins.
Preloading 0 native plugins for Editor in 0.00 ms.
Unloading 2090 Unused Serialized files (Serialized files now loaded: 0)
System memory in use before: 97.0 MB.
System memory in use after: 97.2 MB.

Unloading 16 unused Assets to reduce memory usage. Loaded Objects now: 2980.
Total: 2.199700 ms (FindLiveObjects: 0.241400 ms CreateObjectMapping: 0.064400 ms MarkObjects: 1.862700 ms  DeleteObjects: 0.030700 ms)

========================================================================
Received Import Request.
  Time since last request: 1789.483153 seconds.
  path: Assets/Prefab/enemy_greenslime.prefab
  artifactKey: Guid(24241a2a9dc052f4e9d379cb6303da69) Importer(815301076,1909f56bfc062723c751e8b465ee728b)
Start importing Assets/Prefab/enemy_greenslime.prefab using Guid(24241a2a9dc052f4e9d379cb6303da69) Importer(815301076,1909f56bfc062723c751e8b465ee728b)  -> (artifact id: '4582dc1a817962f652198451aae2f9ca') in 0.046171 seconds
  Import took 0.049652 seconds .

========================================================================
Received Import Request.
  Time since last request: 0.028310 seconds.
  path: Assets/Prefab/enemy_greenslime.prefab
  artifactKey: Guid(24241a2a9dc052f4e9d379cb6303da69) Importer(815301076,1909f56bfc062723c751e8b465ee728b)
Start importing Assets/Prefab/enemy_greenslime.prefab using Guid(24241a2a9dc052f4e9d379cb6303da69) Importer(815301076,1909f56bfc062723c751e8b465ee728b)  -> (artifact id: '4582dc1a817962f652198451aae2f9ca') in 0.008401 seconds
  Import took 0.011700 seconds .

========================================================================
Received Prepare
Registering precompiled user dll's ...
Registered in 0.003917 seconds.
Begin MonoManager ReloadAssembly
Native extension for WindowsStandalone target not found
Native extension for WebGL target not found
Refreshing native plugins compatible for Editor in 0.46 ms, found 3 plugins.
Preloading 0 native plugins for Editor in 0.00 ms.
Mono: successfully reloaded assembly
- Completed reload, in  0.773 seconds
Platform modules already initialized, skipping
Refreshing native plugins compatible for Editor in 0.46 ms, found 3 plugins.
Preloading 0 native plugins for Editor in 0.00 ms.
Unloading 2090 Unused Serialized files (Serialized files now loaded: 0)
System memory in use before: 97.0 MB.
System memory in use after: 97.2 MB.

Unloading 16 unused Assets to reduce memory usage. Loaded Objects now: 2985.
Total: 2.401600 ms (FindLiveObjects: 0.281900 ms CreateObjectMapping: 0.099200 ms MarkObjects: 2.006000 ms  DeleteObjects: 0.013900 ms)

========================================================================
Received Import Request.
  Time since last request: 75.429183 seconds.
  path: Assets/Prefab/enemy_greenslime.prefab
  artifactKey: Guid(24241a2a9dc052f4e9d379cb6303da69) Importer(815301076,1909f56bfc062723c751e8b465ee728b)
Start importing Assets/Prefab/enemy_greenslime.prefab using Guid(24241a2a9dc052f4e9d379cb6303da69) Importer(815301076,1909f56bfc062723c751e8b465ee728b)  -> (artifact id: '26a847d0e01f5beaf5fc3070b7f42a90') in 0.040382 seconds
  Import took 0.043673 seconds .

========================================================================
Received Import Request.
  Time since last request: 4.471342 seconds.
  path: Assets/Prefab/enemy_greenslime.prefab
  artifactKey: Guid(24241a2a9dc052f4e9d379cb6303da69) Importer(815301076,1909f56bfc062723c751e8b465ee728b)
Start importing Assets/Prefab/enemy_greenslime.prefab using Guid(24241a2a9dc052f4e9d379cb6303da69) Importer(815301076,1909f56bfc062723c751e8b465ee728b)  -> (artifact id: 'aa3b8360ea952ab66ac1af3137ac2794') in 0.010757 seconds
  Import took 0.014290 seconds .

========================================================================
Received Prepare
Registering precompiled user dll's ...
Registered in 0.003760 seconds.
Begin MonoManager ReloadAssembly
Native extension for WindowsStandalone target not found
Native extension for WebGL target not found
Refreshing native plugins compatible for Editor in 0.47 ms, found 3 plugins.
Preloading 0 native plugins for Editor in 0.00 ms.
Mono: successfully reloaded assembly
- Completed reload, in  0.771 seconds
Platform modules already initialized, skipping
Refreshing native plugins compatible for Editor in 0.46 ms, found 3 plugins.
Preloading 0 native plugins for Editor in 0.00 ms.
Unloading 2090 Unused Serialized files (Serialized files now loaded: 0)
System memory in use before: 97.0 MB.
System memory in use after: 97.2 MB.

Unloading 16 unused Assets to reduce memory usage. Loaded Objects now: 2990.
Total: 2.383300 ms (FindLiveObjects: 0.251000 ms CreateObjectMapping: 0.095200 ms MarkObjects: 2.021100 ms  DeleteObjects: 0.015300 ms)

========================================================================
Received Import Request.
  Time since last request: 12.187142 seconds.
  path: Assets/Prefab/enemy_greenslime.prefab
  artifactKey: Guid(24241a2a9dc052f4e9d379cb6303da69) Importer(815301076,1909f56bfc062723c751e8b465ee728b)
Start importing Assets/Prefab/enemy_greenslime.prefab using Guid(24241a2a9dc052f4e9d379cb6303da69) Importer(815301076,1909f56bfc062723c751e8b465ee728b)  -> (artifact id: 'a18b66e866851114dce87ea6cc3c4252') in 0.042529 seconds
  Import took 0.045856 seconds .

========================================================================
Received Prepare
Registering precompiled user dll's ...
Registered in 0.003990 seconds.
Begin MonoManager ReloadAssembly
Native extension for WindowsStandalone target not found
Native extension for WebGL target not found
Refreshing native plugins compatible for Editor in 0.52 ms, found 3 plugins.
Preloading 0 native plugins for Editor in 0.00 ms.
Mono: successfully reloaded assembly
- Completed reload, in  0.812 seconds
Platform modules already initialized, skipping
Refreshing native plugins compatible for Editor in 0.46 ms, found 3 plugins.
Preloading 0 native plugins for Editor in 0.00 ms.
Unloading 2090 Unused Serialized files (Serialized files now loaded: 0)
System memory in use before: 97.0 MB.
System memory in use after: 97.2 MB.

Unloading 16 unused Assets to reduce memory usage. Loaded Objects now: 2995.
Total: 2.082600 ms (FindLiveObjects: 0.251300 ms CreateObjectMapping: 0.055900 ms MarkObjects: 1.752300 ms  DeleteObjects: 0.022100 ms)

========================================================================
Received Prepare
Registering precompiled user dll's ...
Registered in 0.004022 seconds.
Begin MonoManager ReloadAssembly
Native extension for WindowsStandalone target not found
Native extension for WebGL target not found
Refreshing native plugins compatible for Editor in 0.46 ms, found 3 plugins.
Preloading 0 native plugins for Editor in 0.00 ms.
Mono: successfully reloaded assembly
- Completed reload, in  0.764 seconds
Platform modules already initialized, skipping
Refreshing native plugins compatible for Editor in 0.54 ms, found 3 plugins.
Preloading 0 native plugins for Editor in 0.00 ms.
Unloading 2090 Unused Serialized files (Serialized files now loaded: 0)
System memory in use before: 97.0 MB.
System memory in use after: 97.2 MB.

Unloading 16 unused Assets to reduce memory usage. Loaded Objects now: 2999.
Total: 2.511600 ms (FindLiveObjects: 0.272900 ms CreateObjectMapping: 0.096700 ms MarkObjects: 2.127300 ms  DeleteObjects: 0.014000 ms)

========================================================================
Received Prepare
Registering precompiled user dll's ...
Registered in 0.003786 seconds.
Begin MonoManager ReloadAssembly
Native extension for WindowsStandalone target not found
Native extension for WebGL target not found
Refreshing native plugins compatible for Editor in 0.54 ms, found 3 plugins.
Preloading 0 native plugins for Editor in 0.00 ms.
Mono: successfully reloaded assembly
- Completed reload, in  0.776 seconds
Platform modules already initialized, skipping
Refreshing native plugins compatible for Editor in 0.46 ms, found 3 plugins.
Preloading 0 native plugins for Editor in 0.00 ms.
Unloading 2090 Unused Serialized files (Serialized files now loaded: 0)
System memory in use before: 97.0 MB.
System memory in use after: 97.3 MB.

Unloading 16 unused Assets to reduce memory usage. Loaded Objects now: 3003.
Total: 2.517500 ms (FindLiveObjects: 0.248100 ms CreateObjectMapping: 0.097300 ms MarkObjects: 2.154800 ms  DeleteObjects: 0.016200 ms)

========================================================================
Received Prepare
Registering precompiled user dll's ...
Registered in 0.003862 seconds.
Begin MonoManager ReloadAssembly
Native extension for WindowsStandalone target not found
Native extension for WebGL target not found
Refreshing native plugins compatible for Editor in 0.51 ms, found 3 plugins.
Preloading 0 native plugins for Editor in 0.00 ms.
Mono: successfully reloaded assembly
- Completed reload, in  0.812 seconds
Platform modules already initialized, skipping
Refreshing native plugins compatible for Editor in 0.47 ms, found 3 plugins.
Preloading 0 native plugins for Editor in 0.00 ms.
Unloading 2090 Unused Serialized files (Serialized files now loaded: 0)
System memory in use before: 97.0 MB.
System memory in use after: 97.3 MB.

Unloading 16 unused Assets to reduce memory usage. Loaded Objects now: 3007.
Total: 2.153900 ms (FindLiveObjects: 0.258800 ms CreateObjectMapping: 0.055500 ms MarkObjects: 1.824000 ms  DeleteObjects: 0.014600 ms)

========================================================================
Received Prepare
Registering precompiled user dll's ...
Registered in 0.003732 seconds.
Begin MonoManager ReloadAssembly
Native extension for WindowsStandalone target not found
Native extension for WebGL target not found
Refreshing native plugins compatible for Editor in 0.46 ms, found 3 plugins.
Preloading 0 native plugins for Editor in 0.00 ms.
Mono: successfully reloaded assembly
- Completed reload, in  0.816 seconds
Platform modules already initialized, skipping
Refreshing native plugins compatible for Editor in 0.46 ms, found 3 plugins.
Preloading 0 native plugins for Editor in 0.00 ms.
Unloading 2090 Unused Serialized files (Serialized files now loaded: 0)
System memory in use before: 97.0 MB.
System memory in use after: 97.3 MB.

Unloading 16 unused Assets to reduce memory usage. Loaded Objects now: 3011.
Total: 2.397800 ms (FindLiveObjects: 0.258900 ms CreateObjectMapping: 0.105400 ms MarkObjects: 2.017300 ms  DeleteObjects: 0.015300 ms)

========================================================================
Received Prepare
Registering precompiled user dll's ...
Registered in 0.003645 seconds.
Begin MonoManager ReloadAssembly
Native extension for WindowsStandalone target not found
Native extension for WebGL target not found
Refreshing native plugins compatible for Editor in 0.50 ms, found 3 plugins.
Preloading 0 native plugins for Editor in 0.00 ms.
Mono: successfully reloaded assembly
- Completed reload, in  0.746 seconds
Platform modules already initialized, skipping
Refreshing native plugins compatible for Editor in 0.46 ms, found 3 plugins.
Preloading 0 native plugins for Editor in 0.00 ms.
Unloading 2090 Unused Serialized files (Serialized files now loaded: 0)
System memory in use before: 97.1 MB.
System memory in use after: 97.3 MB.

Unloading 16 unused Assets to reduce memory usage. Loaded Objects now: 3015.
Total: 2.348000 ms (FindLiveObjects: 0.268600 ms CreateObjectMapping: 0.088400 ms MarkObjects: 1.975200 ms  DeleteObjects: 0.015200 ms)

========================================================================
Received Prepare
Registering precompiled user dll's ...
Registered in 0.003906 seconds.
Begin MonoManager ReloadAssembly
Native extension for WindowsStandalone target not found
Native extension for WebGL target not found
Refreshing native plugins compatible for Editor in 0.48 ms, found 3 plugins.
Preloading 0 native plugins for Editor in 0.00 ms.
Mono: successfully reloaded assembly
- Completed reload, in  0.738 seconds
Platform modules already initialized, skipping
Refreshing native plugins compatible for Editor in 0.45 ms, found 3 plugins.
Preloading 0 native plugins for Editor in 0.00 ms.
Unloading 2090 Unused Serialized files (Serialized files now loaded: 0)
System memory in use before: 97.1 MB.
System memory in use after: 97.3 MB.

Unloading 16 unused Assets to reduce memory usage. Loaded Objects now: 3019.
Total: 2.098000 ms (FindLiveObjects: 0.262000 ms CreateObjectMapping: 0.061800 ms MarkObjects: 1.739300 ms  DeleteObjects: 0.034200 ms)

========================================================================
Received Prepare
Registering precompiled user dll's ...
Registered in 0.003855 seconds.
Begin MonoManager ReloadAssembly
Native extension for WindowsStandalone target not found
Native extension for WebGL target not found
Refreshing native plugins compatible for Editor in 0.47 ms, found 3 plugins.
Preloading 0 native plugins for Editor in 0.00 ms.
Mono: successfully reloaded assembly
- Completed reload, in  0.787 seconds
Platform modules already initialized, skipping
Refreshing native plugins compatible for Editor in 0.50 ms, found 3 plugins.
Preloading 0 native plugins for Editor in 0.00 ms.
Unloading 2090 Unused Serialized files (Serialized files now loaded: 0)
System memory in use before: 97.1 MB.
System memory in use after: 97.3 MB.

Unloading 16 unused Assets to reduce memory usage. Loaded Objects now: 3023.
Total: 2.274900 ms (FindLiveObjects: 0.272600 ms CreateObjectMapping: 0.070300 ms MarkObjects: 1.915500 ms  DeleteObjects: 0.015600 ms)

========================================================================
Received Prepare
Registering precompiled user dll's ...
Registered in 0.003623 seconds.
Callback registration failed. Increase kMaxCallback.

Fatal Error! Callback registration failed. Increase kMaxCallback.

Crash!!!
SymInit: Symbol-SearchPath: 'C:/Program Files/Unity/Hub/Editor/2020.3.10f1/Editor/Data/Mono;.;C:\Git\OSS_roguelikeTool\RoguelikeTools;C:\Program Files\Unity\Hub\Editor\2020.3.10f1\Editor;C:\Windows;C:\Windows\system32;SRV*C:\websymbols*http://msdl.microsoft.com/download/symbols;', symOptions: 534, UserName: '�輱ȣ'
OS-Version: 10.0.0
C:\Program Files\Unity\Hub\Editor\2020.3.10f1\Editor\Unity.exe:Unity.exe (00007FF64A630000), size: 134766592 (result: 0), SymType: '-deferred-', PDB: '', fileVersion: 2020.3.10.32120
C:\Windows\SYSTEM32\ntdll.dll:ntdll.dll (00007FF8BC710000), size: 2052096 (result: 0), SymType: '-deferred-', PDB: '', fileVersion: 10.0.19041.964
C:\Windows\System32\KERNEL32.DLL:KERNEL32.DLL (00007FF8BBFB0000), size: 774144 (result: 0), SymType: '-deferred-', PDB: '', fileVersion: 10.0.19041.928
C:\Windows\System32\KERNELBASE.dll:KERNELBASE.dll (00007FF8BA060000), size: 2916352 (result: 0), SymType: '-deferred-', PDB: '', fileVersion: 10.0.19041.964
C:\Windows\System32\CRYPT32.dll:CRYPT32.dll (00007FF8BA330000), size: 1437696 (result: 0), SymType: '-deferred-', PDB: '', fileVersion: 10.0.19041.844
C:\Windows\System32\ucrtbase.dll:ucrtbase.dll (00007FF8BA570000), size: 1048576 (result: 0), SymType: '-deferred-', PDB: '', fileVersion: 10.0.19041.789
C:\Windows\System32\USER32.dll:USER32.dll (00007FF8BBB70000), size: 1703936 (result: 0), SymType: '-deferred-', PDB: '', fileVersion: 10.0.19041.906
C:\Windows\System32\win32u.dll:win32u.dll (00007FF8B9E50000), size: 139264 (result: 0), SymType: '-deferred-', PDB: '', fileVersion: 10.0.19041.985
C:\Windows\System32\GDI32.dll:GDI32.dll (00007FF8BB7B0000), size: 172032 (result: 0), SymType: '-deferred-', PDB: '', fileVersion: 10.0.19041.746
C:\Windows\System32\gdi32full.dll:gdi32full.dll (00007FF8B9EB0000), size: 1093632 (result: 0), SymType: '-deferred-', PDB: '', fileVersion: 10.0.19041.928
C:\Windows\System32\msvcp_win.dll:msvcp_win.dll (00007FF8B9FC0000), size: 643072 (result: 0), SymType: '-deferred-', PDB: '', fileVersion: 10.0.19041.789
C:\Program Files\Unity\Hub\Editor\2020.3.10f1\Editor\libfbxsdk.dll:libfbxsdk.dll (00007FF858140000), size: 10215424 (result: 0), SymType: '-deferred-', PDB: '', fileVersion: 2020.2.0.0
C:\Program Files\Unity\Hub\Editor\2020.3.10f1\Editor\optix.6.0.0.dll:optix.6.0.0.dll (00007FF8A8830000), size: 208896 (result: 0), SymType: '-deferred-', PDB: '', fileVersion: 6.0.0.0
C:\Program Files\Unity\Hub\Editor\2020.3.10f1\Editor\OpenImageDenoise.dll:OpenImageDenoise.dll (00007FF83FAD0000), size: 43806720 (result: 0), SymType: '-deferred-', PDB: ''
C:\Windows\System32\ADVAPI32.dll:ADVAPI32.dll (00007FF8BADE0000), size: 704512 (result: 0), SymType: '-deferred-', PDB: '', fileVersion: 10.0.19041.610
C:\Windows\System32\msvcrt.dll:msvcrt.dll (00007FF8BACD0000), size: 647168 (result: 0), SymType: '-deferred-', PDB: '', fileVersion: 7.0.19041.546
C:\Windows\System32\sechost.dll:sechost.dll (00007FF8BB690000), size: 634880 (result: 0), SymType: '-deferred-', PDB: '', fileVersion: 10.0.19041.906
C:\Windows\System32\RPCRT4.dll:RPCRT4.dll (00007FF8BBE70000), size: 1224704 (result: 0), SymType: '-deferred-', PDB: '', fileVersion: 10.0.19041.928
C:\Windows\System32\SHELL32.dll:SHELL32.dll (00007FF8BAF40000), size: 7610368 (result: 0), SymType: '-deferred-', PDB: '', fileVersion: 10.0.19041.964
C:\Windows\System32\SHLWAPI.dll:SHLWAPI.dll (00007FF8BC580000), size: 348160 (result: 0), SymType: '-deferred-', PDB: '', fileVersion: 10.0.19041.746
C:\Windows\System32\ole32.dll:ole32.dll (00007FF8BBD10000), size: 1220608 (result: 0), SymType: '-deferred-', PDB: '', fileVersion: 10.0.19041.746
C:\Windows\System32\combase.dll:combase.dll (00007FF8BC070000), size: 3493888 (result: 0), SymType: '-deferred-', PDB: '', fileVersion: 10.0.19041.928
C:\Program Files\Unity\Hub\Editor\2020.3.10f1\Editor\umbraoptimizer64.dll:umbraoptimizer64.dll (00007FF86D7D0000), size: 1306624 (result: 0), SymType: '-deferred-', PDB: ''
C:\Windows\System32\IMM32.dll:IMM32.dll (00007FF8BBE40000), size: 196608 (result: 0), SymType: '-deferred-', PDB: '', fileVersion: 10.0.19041.546
C:\Program Files\Unity\Hub\Editor\2020.3.10f1\Editor\FreeImage.dll:FreeImage.dll (0000000180000000), size: 6414336 (result: 0), SymType: '-deferred-', PDB: '', fileVersion: 3.18.0.0
C:\Windows\System32\WS2_32.dll:WS2_32.dll (00007FF8BC660000), size: 438272 (result: 0), SymType: '-deferred-', PDB: '', fileVersion: 10.0.19041.546
C:\Program Files\Unity\Hub\Editor\2020.3.10f1\Editor\ispc_texcomp.dll:ispc_texcomp.dll (00007FF86BBE0000), size: 1609728 (result: 0), SymType: '-deferred-', PDB: ''
C:\Windows\System32\SETUPAPI.dll:SETUPAPI.dll (00007FF8BA850000), size: 4624384 (result: 0), SymType: '-deferred-', PDB: '', fileVersion: 10.0.19041.844
C:\Windows\System32\WLDAP32.dll:WLDAP32.dll (00007FF8BBB10000), size: 352256 (result: 0), SymType: '-deferred-', PDB: '', fileVersion: 10.0.19041.546
C:\Windows\System32\cfgmgr32.dll:cfgmgr32.dll (00007FF8BA720000), size: 319488 (result: 0), SymType: '-deferred-', PDB: '', fileVersion: 10.0.19041.546
C:\Windows\System32\Normaliz.dll:Normaliz.dll (00007FF8BAD70000), size: 32768 (result: 0), SymType: '-deferred-', PDB: '', fileVersion: 10.0.19041.546
C:\Windows\System32\bcrypt.dll:bcrypt.dll (00007FF8B9E80000), size: 159744 (result: 0), SymType: '-deferred-', PDB: '', fileVersion: 10.0.19041.662
C:\Windows\System32\OLEAUT32.dll:OLEAUT32.dll (00007FF8BBA40000), size: 839680 (result: 0), SymType: '-deferred-', PDB: '', fileVersion: 10.0.19041.985
C:\Windows\System32\WINTRUST.dll:WINTRUST.dll (00007FF8BA510000), size: 393216 (result: 0), SymType: '-deferred-', PDB: '', fileVersion: 10.0.19041.804
C:\Program Files\Unity\Hub\Editor\2020.3.10f1\Editor\WinPixEventRuntime.dll:WinPixEventRuntime.dll (00007FF8B4030000), size: 45056 (result: 0), SymType: '-deferred-', PDB: '', fileVersion: 1.0.1812.6001
C:\Program Files\Unity\Hub\Editor\2020.3.10f1\Editor\tbb.dll:tbb.dll (00007FF88E9F0000), size: 413696 (result: 0), SymType: '-deferred-', PDB: '', fileVersion: 2017.0.2016.1004
C:\Windows\SYSTEM32\GLU32.dll:GLU32.dll (00007FF87F9D0000), size: 180224 (result: 0), SymType: '-deferred-', PDB: '', fileVersion: 10.0.19041.844
C:\Windows\SYSTEM32\OPENGL32.dll:OPENGL32.dll (00007FF87F3C0000), size: 1204224 (result: 0), SymType: '-deferred-', PDB: '', fileVersion: 10.0.19041.928
C:\Windows\SYSTEM32\VCRUNTIME140.dll:VCRUNTIME140.dll (00007FF8A60F0000), size: 110592 (result: 0), SymType: '-deferred-', PDB: '', fileVersion: 14.29.30037.0
C:\Windows\SYSTEM32\IPHLPAPI.DLL:IPHLPAPI.DLL (00007FF8B92D0000), size: 241664 (result: 0), SymType: '-deferred-', PDB: '', fileVersion: 10.0.19041.546
C:\Windows\SYSTEM32\WINHTTP.dll:WINHTTP.dll (00007FF8B4A70000), size: 1093632 (result: 0), SymType: '-deferred-', PDB: '', fileVersion: 10.0.19041.906
C:\Windows\SYSTEM32\WINMM.dll:WINMM.dll (00007FF8AFD70000), size: 159744 (result: 0), SymType: '-deferred-', PDB: '', fileVersion: 10.0.19041.546
C:\Program Files\Unity\Hub\Editor\2020.3.10f1\Editor\RadeonImageFilters.dll:RadeonImageFilters.dll (00007FF86A9D0000), size: 2535424 (result: 0), SymType: '-deferred-', PDB: '', fileVersion: 1.5.1.0
C:\Windows\SYSTEM32\HID.DLL:HID.DLL (00007FF8B8760000), size: 53248 (result: 0), SymType: '-deferred-', PDB: '', fileVersion: 10.0.19041.546
C:\Program Files\Unity\Hub\Editor\2020.3.10f1\Editor\SketchUpAPI.dll:SketchUpAPI.dll (00007FF83F240000), size: 8978432 (result: 0), SymType: '-deferred-', PDB: '', fileVersion: 19.0.753.0
C:\Windows\SYSTEM32\VERSION.dll:VERSION.dll (00007FF8B2A00000), size: 40960 (result: 0), SymType: '-deferred-', PDB: '', fileVersion: 10.0.19041.546
C:\Windows\SYSTEM32\WSOCK32.dll:WSOCK32.dll (00007FF8B2D20000), size: 36864 (result: 0), SymType: '-deferred-', PDB: '', fileVersion: 10.0.19041.1
C:\Windows\SYSTEM32\MSVCP140.dll:MSVCP140.dll (00007FF8A6110000), size: 577536 (result: 0), SymType: '-deferred-', PDB: '', fileVersion: 14.29.30037.0
C:\Windows\SYSTEM32\MSVCP120.dll:MSVCP120.dll (00007FF8709F0000), size: 679936 (result: 0), SymType: '-deferred-', PDB: '', fileVersion: 12.0.21005.1
C:\Windows\SYSTEM32\MSVCR120.dll:MSVCR120.dll (00007FF86EA20000), size: 978944 (result: 0), SymType: '-deferred-', PDB: '', fileVersion: 12.0.21005.1
C:\Windows\SYSTEM32\Secur32.dll:Secur32.dll (00007FF8A4F50000), size: 49152 (result: 0), SymType: '-deferred-', PDB: '', fileVersion: 10.0.19041.546
C:\Windows\SYSTEM32\VCRUNTIME140_1.dll:VCRUNTIME140_1.dll (00007FF8A7CC0000), size: 49152 (result: 0), SymType: '-deferred-', PDB: '', fileVersion: 14.29.30037.0
C:\Program Files\Unity\Hub\Editor\2020.3.10f1\Editor\SketchUpCommonPreferences.dll:SketchUpCommonPreferences.dll (00007FF86F0D0000), size: 483328 (result: 0), SymType: '-deferred-', PDB: '', fileVersion: 19.0.753.20342
C:\Windows\SYSTEM32\SSPICLI.DLL:SSPICLI.DLL (00007FF8B9D10000), size: 200704 (result: 0), SymType: '-deferred-', PDB: '', fileVersion: 10.0.19041.906
C:\Program Files\Unity\Hub\Editor\2020.3.10f1\Editor\OpenRL.dll:OpenRL.dll (0000019B85B60000), size: 12779520 (result: 0), SymType: '-deferred-', PDB: '', fileVersion: 1.5.0.2907
C:\Windows\SYSTEM32\MSVCR100.dll:MSVCR100.dll (000000006D4D0000), size: 860160 (result: 0), SymType: '-deferred-', PDB: '', fileVersion: 10.0.40219.325
C:\Windows\SYSTEM32\MSVCP100.dll:MSVCP100.dll (000000006D430000), size: 622592 (result: 0), SymType: '-deferred-', PDB: '', fileVersion: 10.0.40219.325
C:\Program Files\Unity\Hub\Editor\2020.3.10f1\Editor\embree.dll:embree.dll (00007FF83E250000), size: 16711680 (result: 0), SymType: '-deferred-', PDB: '', fileVersion: 2.14.0.0
C:\Windows\SYSTEM32\MSWSOCK.DLL:MSWSOCK.DLL (00007FF8B9630000), size: 434176 (result: 0), SymType: '-deferred-', PDB: '', fileVersion: 10.0.19041.546
C:\Program Files\Unity\Hub\Editor\2020.3.10f1\Editor\OpenRL_pthread.dll:OpenRL_pthread.dll (0000019B84F60000), size: 61440 (result: 0), SymType: '-deferred-', PDB: '', fileVersion: 2.9.0.0
C:\Windows\SYSTEM32\MSASN1.dll:MSASN1.dll (00007FF8B9A40000), size: 73728 (result: 0), SymType: '-deferred-', PDB: '', fileVersion: 10.0.19041.546
C:\Windows\SYSTEM32\kernel.appcore.dll:kernel.appcore.dll (00007FF8B7D80000), size: 73728 (result: 0), SymType: '-deferred-', PDB: '', fileVersion: 10.0.19041.546
C:\Windows\System32\bcryptPrimitives.dll:bcryptPrimitives.dll (00007FF8BA490000), size: 524288 (result: 0), SymType: '-deferred-', PDB: '', fileVersion: 10.0.19041.662
C:\Windows\system32\uxtheme.dll:uxtheme.dll (00007FF8B78A0000), size: 647168 (result: 0), SymType: '-deferred-', PDB: '', fileVersion: 10.0.19041.746
C:\Windows\System32\shcore.dll:shcore.dll (00007FF8BAE90000), size: 712704 (result: 0), SymType: '-deferred-', PDB: '', fileVersion: 10.0.19041.964
C:\Windows\SYSTEM32\windows.storage.dll:windows.storage.dll (00007FF8B7FA0000), size: 7929856 (result: 0), SymType: '-deferred-', PDB: '', fileVersion: 10.0.19041.964
C:\Windows\SYSTEM32\Wldp.dll:Wldp.dll (00007FF8B98C0000), size: 180224 (result: 0), SymType: '-deferred-', PDB: '', fileVersion: 10.0.19041.662
C:\Windows\SYSTEM32\profapi.dll:profapi.dll (00007FF8B9D90000), size: 126976 (result: 0), SymType: '-deferred-', PDB: '', fileVersion: 10.0.19041.844
C:\Windows\System32\clbcatq.dll:clbcatq.dll (00007FF8BB7E0000), size: 692224 (result: 0), SymType: '-deferred-', PDB: '', fileVersion: 2001.12.10941.16384
C:\Windows\System32\netprofm.dll:netprofm.dll (00007FF8B5840000), size: 253952 (result: 0), SymType: '-deferred-', PDB: '', fileVersion: 10.0.19041.906
C:\Windows\System32\NSI.dll:NSI.dll (00007FF8BBFA0000), size: 32768 (result: 0), SymType: '-deferred-', PDB: '', fileVersion: 10.0.19041.610
C:\Windows\SYSTEM32\dhcpcsvc6.DLL:dhcpcsvc6.DLL (00007FF8B3470000), size: 94208 (result: 0), SymType: '-deferred-', PDB: '', fileVersion: 10.0.19041.546
C:\Windows\SYSTEM32\dhcpcsvc.DLL:dhcpcsvc.DLL (00007FF8B33B0000), size: 118784 (result: 0), SymType: '-deferred-', PDB: '', fileVersion: 10.0.19041.546
C:\Windows\System32\npmproxy.dll:npmproxy.dll (00007FF8B29F0000), size: 65536 (result: 0), SymType: '-deferred-', PDB: '', fileVersion: 10.0.19041.906
C:\Windows\SYSTEM32\DNSAPI.dll:DNSAPI.dll (00007FF8B9310000), size: 835584 (result: 0), SymType: '-deferred-', PDB: '', fileVersion: 10.0.19041.928
C:\Windows\System32\fwpuclnt.dll:fwpuclnt.dll (00007FF8B1E50000), size: 520192 (result: 0), SymType: '-deferred-', PDB: '', fileVersion: 10.0.19041.964
C:\Windows\System32\rasadhlp.dll:rasadhlp.dll (00007FF8B2BE0000), size: 40960 (result: 0), SymType: '-deferred-', PDB: '', fileVersion: 10.0.19041.546
C:\Windows\SYSTEM32\d3d11.dll:d3d11.dll (00007FF8B5E70000), size: 2506752 (result: 0), SymType: '-deferred-', PDB: '', fileVersion: 10.0.19041.746
C:\Windows\SYSTEM32\dxgi.dll:dxgi.dll (00007FF8B8790000), size: 999424 (result: 0), SymType: '-deferred-', PDB: '', fileVersion: 10.0.19041.964
C:\Windows\System32\DriverStore\FileRepository\nvami.inf_amd64_c03e0d5968be7c61\nvldumdx.dll:nvldumdx.dll (00007FF8B3850000), size: 1069056 (result: 0), SymType: '-deferred-', PDB: '', fileVersion: 27.21.14.6647
C:\Windows\SYSTEM32\cryptnet.dll:cryptnet.dll (00007FF8B1BA0000), size: 200704 (result: 0), SymType: '-deferred-', PDB: '', fileVersion: 10.0.19041.906
C:\Windows\SYSTEM32\cryptbase.dll:cryptbase.dll (00007FF8B9820000), size: 49152 (result: 0), SymType: '-deferred-', PDB: '', fileVersion: 10.0.19041.546
C:\Windows\System32\imagehlp.dll:imagehlp.dll (00007FF8BC640000), size: 118784 (result: 0), SymType: '-deferred-', PDB: '', fileVersion: 10.0.19041.546
C:\Windows\SYSTEM32\CRYPTSP.dll:CRYPTSP.dll (00007FF8B9800000), size: 98304 (result: 0), SymType: '-deferred-', PDB: '', fileVersion: 10.0.19041.546
C:\Windows\system32\rsaenh.dll:rsaenh.dll (00007FF8B8F60000), size: 212992 (result: 0), SymType: '-deferred-', PDB: '', fileVersion: 10.0.19041.546
C:\Windows\System32\DriverStore\FileRepository\nvami.inf_amd64_c03e0d5968be7c61\nvwgf2umx.dll:nvwgf2umx.dll (00007FF838A00000), size: 74567680 (result: 0), SymType: '-deferred-', PDB: '', fileVersion: 27.21.14.6647
C:\Windows\SYSTEM32\dxcore.dll:dxcore.dll (00007FF8AFDC0000), size: 241664 (result: 0), SymType: '-deferred-', PDB: '', fileVersion: 10.0.19041.546
C:\Windows\system32\wbem\wbemprox.dll:wbemprox.dll (00007FF8AFEA0000), size: 69632 (result: 0), SymType: '-deferred-', PDB: '', fileVersion: 10.0.19041.844
C:\Windows\SYSTEM32\wbemcomn.dll:wbemcomn.dll (00007FF8AC080000), size: 606208 (result: 0), SymType: '-deferred-', PDB: '', fileVersion: 10.0.19041.844
C:\Windows\system32\wbem\wbemsvc.dll:wbemsvc.dll (00007FF8AB5D0000), size: 81920 (result: 0), SymType: '-deferred-', PDB: '', fileVersion: 10.0.19041.844
C:\Windows\system32\wbem\fastprox.dll:fastprox.dll (00007FF8AB690000), size: 1093632 (result: 0), SymType: '-deferred-', PDB: '', fileVersion: 10.0.19041.546
C:\Windows\SYSTEM32\amsi.dll:amsi.dll (00007FF8AAD50000), size: 102400 (result: 0), SymType: '-deferred-', PDB: '', fileVersion: 10.0.19041.746
C:\Windows\SYSTEM32\USERENV.dll:USERENV.dll (00007FF8B9D50000), size: 188416 (result: 0), SymType: '-deferred-', PDB: '', fileVersion: 10.0.19041.572
C:\ProgramData\Microsoft\Windows Defender\Platform\4.18.2105.4-0\MpOav.dll:MpOav.dll (00007FF8AACD0000), size: 495616 (result: 0), SymType: '-deferred-', PDB: '', fileVersion: 4.18.2105.4
C:\Program Files\Unity\Hub\Editor\2020.3.10f1\Editor\cudart64_90.dll:cudart64_90.dll (00007FF8599F0000), size: 397312 (result: 0), SymType: '-deferred-', PDB: '', fileVersion: 6.14.11.9000
C:\Windows\SYSTEM32\opencl.dll:opencl.dll (00007FF87EE70000), size: 147456 (result: 0), SymType: '-deferred-', PDB: '', fileVersion: 2.2.6.0
C:\Program Files\Unity\Hub\Editor\2020.3.10f1\Editor\radeonrays.dll:radeonrays.dll (00007FF859960000), size: 552960 (result: 0), SymType: '-deferred-', PDB: ''
C:\Program Files\Unity\Hub\Editor\2020.3.10f1\Editor\Data\MonoBleedingEdge\EmbedRuntime\mono-2.0-bdwgc.dll:mono-2.0-bdwgc.dll (00007FF837990000), size: 7790592 (result: 0), SymType: '-deferred-', PDB: ''
C:\Windows\System32\PSAPI.DLL:PSAPI.DLL (00007FF8BACC0000), size: 32768 (result: 0), SymType: '-deferred-', PDB: '', fileVersion: 10.0.19041.546
C:\ProgramData\Microsoft\VisualStudio\Setup\x64\Microsoft.VisualStudio.Setup.Configuration.Native.dll:Microsoft.VisualStudio.Setup.Configuration.Native.dll (00007FF859910000), size: 327680 (result: 0), SymType: '-deferred-', PDB: '', fileVersion: 2.7.3111.17308
C:\Windows\SYSTEM32\PROPSYS.dll:PROPSYS.dll (00007FF8B5A40000), size: 1011712 (result: 0), SymType: '-deferred-', PDB: '', fileVersion: 7.0.19041.867
C:\Windows\WinSxS\amd64_microsoft.windows.common-controls_6595b64144ccf1df_6.0.19041.844_none_ca00b6081b84eb1d\comctl32.dll:comctl32.dll (00007FF8A9350000), size: 2727936 (result: 0), SymType: '-deferred-', PDB: '', fileVersion: 6.10.19041.844
C:\Windows\SYSTEM32\WindowsCodecs.dll:WindowsCodecs.dll (00007FF8B31F0000), size: 1785856 (result: 0), SymType: '-deferred-', PDB: '', fileVersion: 10.0.19041.928
C:\Windows\System32\thumbcache.dll:thumbcache.dll (00007FF89A390000), size: 417792 (result: 0), SymType: '-deferred-', PDB: '', fileVersion: 10.0.19041.746
C:\Windows\SYSTEM32\policymanager.dll:policymanager.dll (00007FF8B5570000), size: 655360 (result: 0), SymType: '-deferred-', PDB: '', fileVersion: 10.0.19041.906
C:\Windows\SYSTEM32\msvcp110_win.dll:msvcp110_win.dll (00007FF8B8FF0000), size: 565248 (result: 0), SymType: '-deferred-', PDB: '', fileVersion: 10.0.19041.546
C:\Windows\SYSTEM32\dbghelp.dll:dbghelp.dll (00007FF8B1060000), size: 1982464 (result: 0), SymType: '-deferred-', PDB: '', fileVersion: 10.0.19041.867

========== OUTPUTTING STACK TRACE ==================

0x00007FF8BA094B89 (KERNELBASE) RaiseException
0x00007FF64CD6805D (Unity) EditorMonoConsole::LogToConsoleImplementation
0x00007FF64CD68FCB (Unity) EditorMonoConsole::LogToConsoleImplementation
0x00007FF64E93BCCE (Unity) DebugStringToFilePostprocessedStacktrace
0x00007FF64E93B27F (Unity) DebugStringToFile
0x00007FF64A8945A3 (Unity) CallbackArraySubBase<void (__cdecl*)(MemoryManager::AllocationLogDetails const & __ptr64)>::Register
0x00007FF64D53A559 (Unity) LoadDomainAndUserAssemblies
0x00007FF64D53AA0E (Unity) LoadUserAssemblies
0x00007FF64D9A3308 (Unity) <lambda_32ff519d5c36f44c8f28c9876d6db935>::operator()
0x00007FF64DA47022 (Unity) asio::detail::completion_handler<core::mutable_function<void __cdecl(void)> >::do_complete
0x00007FF64DA49180 (Unity) asio::detail::win_iocp_io_service::do_one
0x00007FF64DA4C90E (Unity) asio::io_service::run
0x00007FF64D9CFFBB (Unity) RunAssetImportWorkerClientV2
0x00007FF64D9D0010 (Unity) RunAssetImporterV2
0x00007FF64CEC1126 (Unity) Application::InitializeProject
0x00007FF64D844A92 (Unity) WinMain
0x00007FF64F6962B6 (Unity) __scrt_common_main_seh
0x00007FF8BBFC7034 (KERNEL32) BaseThreadInitThunk
0x00007FF8BC762651 (ntdll) RtlUserThreadStart

========== END OF STACKTRACE ===========

A crash has been intercepted by the crash handler. For call stack and other details, see the latest crash report generated in:
 * C:/Users/김선호/AppData/Local/Temp/Unity/Editor/Crashes
